WARNING 2026-06-04 15:23:46,164 log 27 124453237282496 Not Found: /api/users/api/v1/
WARNING 2026-06-04 15:23:46,180 log 27 124453478401728 Not Found: /api/users/api/v1/
WARNING 2026-06-04 15:23:46,186 basehttp 27 124453237282496 "GET /api/users/api/v1/ HTTP/1.1" 404 4743
WARNING 2026-06-04 15:23:46,209 basehttp 27 124453478401728 "GET /api/users/api/v1/ HTTP/1.1" 404 4743
WARNING 2026-06-04 19:01:17,983 log 41 129056395679424 Unauthorized: /api/notifications/unread_count/
WARNING 2026-06-04 19:01:17,999 basehttp 41 129056395679424 "GET /api/notifications/unread_count/ HTTP/1.1" 401 172
WARNING 2026-06-06 19:36:54,142 log 41 129056395679424 Unauthorized: /users/api/v1/token/refresh/
WARNING 2026-06-06 19:36:54,194 basehttp 41 129056395679424 "POST /users/api/v1/token/refresh/ HTTP/1.1" 401 54
WARNING 2026-06-07 01:05:32,433 log 41 129056412464832 Unauthorized: /api/notifications/unread_count/
WARNING 2026-06-07 01:05:32,504 basehttp 41 129056412464832 "GET /api/notifications/unread_count/ HTTP/1.1" 401 172
WARNING 2026-06-07 02:05:44,171 log 41 129056412464832 Unauthorized: /api/notifications/unread_count/
WARNING 2026-06-07 02:05:44,246 basehttp 41 129056412464832 "GET /api/notifications/unread_count/ HTTP/1.1" 401 172
WARNING 2026-06-07 03:14:51,208 log 41 129056049723072 Unauthorized: /users/api/v1/me/
WARNING 2026-06-07 03:14:51,238 basehttp 41 129056049723072 "GET /users/api/v1/me/ HTTP/1.1" 401 172
WARNING 2026-06-07 03:14:51,273 log 41 129056049723072 Unauthorized: /users/api/v1/me/
WARNING 2026-06-07 03:14:51,297 basehttp 41 129056049723072 "GET /users/api/v1/me/ HTTP/1.1" 401 172
WARNING 2026-06-07 03:53:10,765 log 41 129056049723072 Not Found: /api/users/api/v1/
WARNING 2026-06-07 03:53:10,770 basehttp 41 129056049723072 "GET /api/users/api/v1/ HTTP/1.1" 404 4743
WARNING 2026-06-07 18:41:11,398 log 41 129056049723072 Unauthorized: /api/notifications/unread_count/
WARNING 2026-06-07 18:41:11,452 basehttp 41 129056049723072 "GET /api/notifications/unread_count/ HTTP/1.1" 401 172
ERROR 2026-06-08 11:00:26,756 log 16088 19652 Internal Server Error: /api/departments/
Traceback (most recent call last):
  File "C:\Users\Epikg\Documents\GE\backend\venv\Lib\site-packages\rest_framework\request.py", line 422, in __getattr__
    return getattr(_request, attr)
AttributeError: 'WSGIRequest' object has no attribute 'split'

During handling of the above exception, another exception occurred:

Traceback (most recent call last):
  File "C:\Users\Epikg\Documents\GE\backend\venv\Lib\site-packages\rest_framework\request.py", line 74, in wrap_attributeerrors
    yield
  File "C:\Users\Epikg\Documents\GE\backend\venv\Lib\site-packages\rest_framework\request.py", line 232, in user
    self._authenticate()
    ~~~~~~~~~~~~~~~~~~^^
  File "C:\Users\Epikg\Documents\GE\backend\venv\Lib\site-packages\rest_framework\request.py", line 385, in _authenticate
    user_auth_tuple = authenticator.authenticate(self)
  File "C:\Users\Epikg\Documents\GE\backend\users\authentication.py", line 7, in authenticate
    raw_token = self.get_raw_token(request)
  File "C:\Users\Epikg\Documents\GE\backend\venv\Lib\site-packages\rest_framework_simplejwt\authentication.py", line 77, in get_raw_token
    parts = header.split()
            ^^^^^^^^^^^^
  File "C:\Users\Epikg\Documents\GE\backend\venv\Lib\site-packages\rest_framework\request.py", line 424, in __getattr__
    raise AttributeError(f"'{self.__class__.__name__}' object has no attribute '{attr}'")
AttributeError: 'Request' object has no attribute 'split'

During handling of the above exception, another exception occurred:

Traceback (most recent call last):
  File "C:\Users\Epikg\Documents\GE\backend\venv\Lib\site-packages\django\core\handlers\exception.py", line 55, in inner
    response = get_response(request)
  File "C:\Users\Epikg\Documents\GE\backend\venv\Lib\site-packages\django\core\handlers\base.py", line 198, in _get_response
    response = wrapped_callback(request, *callback_args, **callback_kwargs)
  File "C:\Users\Epikg\Documents\GE\backend\venv\Lib\site-packages\django\views\decorators\csrf.py", line 65, in _view_wrapper
    return view_func(request, *args, **kwargs)
  File "C:\Users\Epikg\Documents\GE\backend\venv\Lib\site-packages\django\views\generic\base.py", line 106, in view
    return self.dispatch(request, *args, **kwargs)
           ~~~~~~~~~~~~~^^^^^^^^^^^^^^^^^^^^^^^^^^
  File "C:\Users\Epikg\Documents\GE\backend\venv\Lib\site-packages\rest_framework\views.py", line 515, in dispatch
    response = self.handle_exception(exc)
  File "C:\Users\Epikg\Documents\GE\backend\venv\Lib\site-packages\rest_framework\views.py", line 475, in handle_exception
    self.raise_uncaught_exception(exc)
    ~~~~~~~~~~~~~~~~~~~~~~~~~~~~~^^^^^
  File "C:\Users\Epikg\Documents\GE\backend\venv\Lib\site-packages\rest_framework\views.py", line 486, in raise_uncaught_exception
    raise exc
  File "C:\Users\Epikg\Documents\GE\backend\venv\Lib\site-packages\rest_framework\views.py", line 503, in dispatch
    self.initial(request, *args, **kwargs)
    ~~~~~~~~~~~~^^^^^^^^^^^^^^^^^^^^^^^^^^
  File "C:\Users\Epikg\Documents\GE\backend\venv\Lib\site-packages\rest_framework\views.py", line 420, in initial
    self.perform_authentication(request)
    ~~~~~~~~~~~~~~~~~~~~~~~~~~~^^^^^^^^^
  File "C:\Users\Epikg\Documents\GE\backend\venv\Lib\site-packages\rest_framework\views.py", line 330, in perform_authentication
    request.user
  File "C:\Users\Epikg\Documents\GE\backend\venv\Lib\site-packages\rest_framework\request.py", line 231, in user
    with wrap_attributeerrors():
         ~~~~~~~~~~~~~~~~~~~~^^
  File "C:\Users\Epikg\AppData\Local\Python\pythoncore-3.14-64\Lib\contextlib.py", line 162, in __exit__
    self.gen.throw(value)
    ~~~~~~~~~~~~~~^^^^^^^
  File "C:\Users\Epikg\Documents\GE\backend\venv\Lib\site-packages\rest_framework\request.py", line 78, in wrap_attributeerrors
    raise exc.with_traceback(info[2])
  File "C:\Users\Epikg\Documents\GE\backend\venv\Lib\site-packages\rest_framework\request.py", line 74, in wrap_attributeerrors
    yield
  File "C:\Users\Epikg\Documents\GE\backend\venv\Lib\site-packages\rest_framework\request.py", line 232, in user
    self._authenticate()
    ~~~~~~~~~~~~~~~~~~^^
  File "C:\Users\Epikg\Documents\GE\backend\venv\Lib\site-packages\rest_framework\request.py", line 385, in _authenticate
    user_auth_tuple = authenticator.authenticate(self)
  File "C:\Users\Epikg\Documents\GE\backend\users\authentication.py", line 7, in authenticate
    raw_token = self.get_raw_token(request)
  File "C:\Users\Epikg\Documents\GE\backend\venv\Lib\site-packages\rest_framework_simplejwt\authentication.py", line 77, in get_raw_token
    parts = header.split()
            ^^^^^^^^^^^^
  File "C:\Users\Epikg\Documents\GE\backend\venv\Lib\site-packages\rest_framework\request.py", line 424, in __getattr__
    raise AttributeError(f"'{self.__class__.__name__}' object has no attribute '{attr}'")
rest_framework.request.WrappedAttributeError: 'Request' object has no attribute 'split'
ERROR 2026-06-08 11:00:35,293 log 16088 19652 Internal Server Error: /api/document-types/
Traceback (most recent call last):
  File "C:\Users\Epikg\Documents\GE\backend\venv\Lib\site-packages\rest_framework\request.py", line 422, in __getattr__
    return getattr(_request, attr)
AttributeError: 'WSGIRequest' object has no attribute 'split'

During handling of the above exception, another exception occurred:

Traceback (most recent call last):
  File "C:\Users\Epikg\Documents\GE\backend\venv\Lib\site-packages\rest_framework\request.py", line 74, in wrap_attributeerrors
    yield
  File "C:\Users\Epikg\Documents\GE\backend\venv\Lib\site-packages\rest_framework\request.py", line 232, in user
    self._authenticate()
    ~~~~~~~~~~~~~~~~~~^^
  File "C:\Users\Epikg\Documents\GE\backend\venv\Lib\site-packages\rest_framework\request.py", line 385, in _authenticate
    user_auth_tuple = authenticator.authenticate(self)
  File "C:\Users\Epikg\Documents\GE\backend\users\authentication.py", line 7, in authenticate
    raw_token = self.get_raw_token(request)
  File "C:\Users\Epikg\Documents\GE\backend\venv\Lib\site-packages\rest_framework_simplejwt\authentication.py", line 77, in get_raw_token
    parts = header.split()
            ^^^^^^^^^^^^
  File "C:\Users\Epikg\Documents\GE\backend\venv\Lib\site-packages\rest_framework\request.py", line 424, in __getattr__
    raise AttributeError(f"'{self.__class__.__name__}' object has no attribute '{attr}'")
AttributeError: 'Request' object has no attribute 'split'

During handling of the above exception, another exception occurred:

Traceback (most recent call last):
  File "C:\Users\Epikg\Documents\GE\backend\venv\Lib\site-packages\django\core\handlers\exception.py", line 55, in inner
    response = get_response(request)
  File "C:\Users\Epikg\Documents\GE\backend\venv\Lib\site-packages\django\core\handlers\base.py", line 198, in _get_response
    response = wrapped_callback(request, *callback_args, **callback_kwargs)
  File "C:\Users\Epikg\Documents\GE\backend\venv\Lib\site-packages\django\views\decorators\csrf.py", line 65, in _view_wrapper
    return view_func(request, *args, **kwargs)
  File "C:\Users\Epikg\Documents\GE\backend\venv\Lib\site-packages\rest_framework\viewsets.py", line 125, in view
    return self.dispatch(request, *args, **kwargs)
           ~~~~~~~~~~~~~^^^^^^^^^^^^^^^^^^^^^^^^^^
  File "C:\Users\Epikg\Documents\GE\backend\venv\Lib\site-packages\rest_framework\views.py", line 515, in dispatch
    response = self.handle_exception(exc)
  File "C:\Users\Epikg\Documents\GE\backend\venv\Lib\site-packages\rest_framework\views.py", line 475, in handle_exception
    self.raise_uncaught_exception(exc)
    ~~~~~~~~~~~~~~~~~~~~~~~~~~~~~^^^^^
  File "C:\Users\Epikg\Documents\GE\backend\venv\Lib\site-packages\rest_framework\views.py", line 486, in raise_uncaught_exception
    raise exc
  File "C:\Users\Epikg\Documents\GE\backend\venv\Lib\site-packages\rest_framework\views.py", line 503, in dispatch
    self.initial(request, *args, **kwargs)
    ~~~~~~~~~~~~^^^^^^^^^^^^^^^^^^^^^^^^^^
  File "C:\Users\Epikg\Documents\GE\backend\venv\Lib\site-packages\rest_framework\views.py", line 420, in initial
    self.perform_authentication(request)
    ~~~~~~~~~~~~~~~~~~~~~~~~~~~^^^^^^^^^
  File "C:\Users\Epikg\Documents\GE\backend\venv\Lib\site-packages\rest_framework\views.py", line 330, in perform_authentication
    request.user
  File "C:\Users\Epikg\Documents\GE\backend\venv\Lib\site-packages\rest_framework\request.py", line 231, in user
    with wrap_attributeerrors():
         ~~~~~~~~~~~~~~~~~~~~^^
  File "C:\Users\Epikg\AppData\Local\Python\pythoncore-3.14-64\Lib\contextlib.py", line 162, in __exit__
    self.gen.throw(value)
    ~~~~~~~~~~~~~~^^^^^^^
  File "C:\Users\Epikg\Documents\GE\backend\venv\Lib\site-packages\rest_framework\request.py", line 78, in wrap_attributeerrors
    raise exc.with_traceback(info[2])
  File "C:\Users\Epikg\Documents\GE\backend\venv\Lib\site-packages\rest_framework\request.py", line 74, in wrap_attributeerrors
    yield
  File "C:\Users\Epikg\Documents\GE\backend\venv\Lib\site-packages\rest_framework\request.py", line 232, in user
    self._authenticate()
    ~~~~~~~~~~~~~~~~~~^^
  File "C:\Users\Epikg\Documents\GE\backend\venv\Lib\site-packages\rest_framework\request.py", line 385, in _authenticate
    user_auth_tuple = authenticator.authenticate(self)
  File "C:\Users\Epikg\Documents\GE\backend\users\authentication.py", line 7, in authenticate
    raw_token = self.get_raw_token(request)
  File "C:\Users\Epikg\Documents\GE\backend\venv\Lib\site-packages\rest_framework_simplejwt\authentication.py", line 77, in get_raw_token
    parts = header.split()
            ^^^^^^^^^^^^
  File "C:\Users\Epikg\Documents\GE\backend\venv\Lib\site-packages\rest_framework\request.py", line 424, in __getattr__
    raise AttributeError(f"'{self.__class__.__name__}' object has no attribute '{attr}'")
rest_framework.request.WrappedAttributeError: 'Request' object has no attribute 'split'
ERROR 2026-06-08 11:09:21,788 log 20232 18508 Internal Server Error: /api/expedients/
Traceback (most recent call last):
  File "C:\Users\Epikg\Documents\GE\backend\venv\Lib\site-packages\rest_framework\request.py", line 422, in __getattr__
    return getattr(_request, attr)
AttributeError: 'WSGIRequest' object has no attribute 'split'

During handling of the above exception, another exception occurred:

Traceback (most recent call last):
  File "C:\Users\Epikg\Documents\GE\backend\venv\Lib\site-packages\rest_framework\request.py", line 74, in wrap_attributeerrors
    yield
  File "C:\Users\Epikg\Documents\GE\backend\venv\Lib\site-packages\rest_framework\request.py", line 232, in user
    self._authenticate()
    ~~~~~~~~~~~~~~~~~~^^
  File "C:\Users\Epikg\Documents\GE\backend\venv\Lib\site-packages\rest_framework\request.py", line 385, in _authenticate
    user_auth_tuple = authenticator.authenticate(self)
  File "C:\Users\Epikg\Documents\GE\backend\users\authentication.py", line 7, in authenticate
    raw_token = self.get_raw_token(request)
  File "C:\Users\Epikg\Documents\GE\backend\venv\Lib\site-packages\rest_framework_simplejwt\authentication.py", line 77, in get_raw_token
    parts = header.split()
            ^^^^^^^^^^^^
  File "C:\Users\Epikg\Documents\GE\backend\venv\Lib\site-packages\rest_framework\request.py", line 424, in __getattr__
    raise AttributeError(f"'{self.__class__.__name__}' object has no attribute '{attr}'")
AttributeError: 'Request' object has no attribute 'split'

During handling of the above exception, another exception occurred:

Traceback (most recent call last):
  File "C:\Users\Epikg\Documents\GE\backend\venv\Lib\site-packages\django\core\handlers\exception.py", line 55, in inner
    response = get_response(request)
  File "C:\Users\Epikg\Documents\GE\backend\venv\Lib\site-packages\django\core\handlers\base.py", line 198, in _get_response
    response = wrapped_callback(request, *callback_args, **callback_kwargs)
  File "C:\Users\Epikg\Documents\GE\backend\venv\Lib\site-packages\django\views\decorators\csrf.py", line 65, in _view_wrapper
    return view_func(request, *args, **kwargs)
  File "C:\Users\Epikg\Documents\GE\backend\venv\Lib\site-packages\rest_framework\viewsets.py", line 125, in view
    return self.dispatch(request, *args, **kwargs)
           ~~~~~~~~~~~~~^^^^^^^^^^^^^^^^^^^^^^^^^^
  File "C:\Users\Epikg\Documents\GE\backend\venv\Lib\site-packages\rest_framework\views.py", line 515, in dispatch
    response = self.handle_exception(exc)
  File "C:\Users\Epikg\Documents\GE\backend\venv\Lib\site-packages\rest_framework\views.py", line 475, in handle_exception
    self.raise_uncaught_exception(exc)
    ~~~~~~~~~~~~~~~~~~~~~~~~~~~~~^^^^^
  File "C:\Users\Epikg\Documents\GE\backend\venv\Lib\site-packages\rest_framework\views.py", line 486, in raise_uncaught_exception
    raise exc
  File "C:\Users\Epikg\Documents\GE\backend\venv\Lib\site-packages\rest_framework\views.py", line 503, in dispatch
    self.initial(request, *args, **kwargs)
    ~~~~~~~~~~~~^^^^^^^^^^^^^^^^^^^^^^^^^^
  File "C:\Users\Epikg\Documents\GE\backend\venv\Lib\site-packages\rest_framework\views.py", line 420, in initial
    self.perform_authentication(request)
    ~~~~~~~~~~~~~~~~~~~~~~~~~~~^^^^^^^^^
  File "C:\Users\Epikg\Documents\GE\backend\venv\Lib\site-packages\rest_framework\views.py", line 330, in perform_authentication
    request.user
  File "C:\Users\Epikg\Documents\GE\backend\venv\Lib\site-packages\rest_framework\request.py", line 231, in user
    with wrap_attributeerrors():
         ~~~~~~~~~~~~~~~~~~~~^^
  File "C:\Users\Epikg\AppData\Local\Python\pythoncore-3.14-64\Lib\contextlib.py", line 162, in __exit__
    self.gen.throw(value)
    ~~~~~~~~~~~~~~^^^^^^^
  File "C:\Users\Epikg\Documents\GE\backend\venv\Lib\site-packages\rest_framework\request.py", line 78, in wrap_attributeerrors
    raise exc.with_traceback(info[2])
  File "C:\Users\Epikg\Documents\GE\backend\venv\Lib\site-packages\rest_framework\request.py", line 74, in wrap_attributeerrors
    yield
  File "C:\Users\Epikg\Documents\GE\backend\venv\Lib\site-packages\rest_framework\request.py", line 232, in user
    self._authenticate()
    ~~~~~~~~~~~~~~~~~~^^
  File "C:\Users\Epikg\Documents\GE\backend\venv\Lib\site-packages\rest_framework\request.py", line 385, in _authenticate
    user_auth_tuple = authenticator.authenticate(self)
  File "C:\Users\Epikg\Documents\GE\backend\users\authentication.py", line 7, in authenticate
    raw_token = self.get_raw_token(request)
  File "C:\Users\Epikg\Documents\GE\backend\venv\Lib\site-packages\rest_framework_simplejwt\authentication.py", line 77, in get_raw_token
    parts = header.split()
            ^^^^^^^^^^^^
  File "C:\Users\Epikg\Documents\GE\backend\venv\Lib\site-packages\rest_framework\request.py", line 424, in __getattr__
    raise AttributeError(f"'{self.__class__.__name__}' object has no attribute '{attr}'")
rest_framework.request.WrappedAttributeError: 'Request' object has no attribute 'split'
WARNING 2026-06-08 11:10:52,166 log 19224 2432 Unauthorized: /api/expedients/
ERROR 2026-06-08 11:11:52,063 log 11004 15064 Internal Server Error: /api/expedients/
Traceback (most recent call last):
  File "C:\Users\Epikg\Documents\GE\backend\venv\Lib\site-packages\django\core\handlers\exception.py", line 55, in inner
    response = get_response(request)
  File "C:\Users\Epikg\Documents\GE\backend\venv\Lib\site-packages\django\core\handlers\base.py", line 198, in _get_response
    response = wrapped_callback(request, *callback_args, **callback_kwargs)
  File "C:\Users\Epikg\Documents\GE\backend\venv\Lib\site-packages\django\views\decorators\csrf.py", line 65, in _view_wrapper
    return view_func(request, *args, **kwargs)
  File "C:\Users\Epikg\Documents\GE\backend\venv\Lib\site-packages\rest_framework\viewsets.py", line 125, in view
    return self.dispatch(request, *args, **kwargs)
           ~~~~~~~~~~~~~^^^^^^^^^^^^^^^^^^^^^^^^^^
  File "C:\Users\Epikg\Documents\GE\backend\venv\Lib\site-packages\rest_framework\views.py", line 515, in dispatch
    response = self.handle_exception(exc)
  File "C:\Users\Epikg\Documents\GE\backend\venv\Lib\site-packages\rest_framework\views.py", line 475, in handle_exception
    self.raise_uncaught_exception(exc)
    ~~~~~~~~~~~~~~~~~~~~~~~~~~~~~^^^^^
  File "C:\Users\Epikg\Documents\GE\backend\venv\Lib\site-packages\rest_framework\views.py", line 486, in raise_uncaught_exception
    raise exc
  File "C:\Users\Epikg\Documents\GE\backend\venv\Lib\site-packages\rest_framework\views.py", line 512, in dispatch
    response = handler(request, *args, **kwargs)
  File "C:\Users\Epikg\Documents\GE\backend\venv\Lib\site-packages\rest_framework\mixins.py", line 19, in create
    self.perform_create(serializer)
    ~~~~~~~~~~~~~~~~~~~^^^^^^^^^^^^
  File "C:\Users\Epikg\Documents\GE\backend\expedients\views.py", line 285, in perform_create
    raise permissions.PermissionDenied('Solo administradores o analistas pueden crear expedientes')
          ^^^^^^^^^^^^^^^^^^^^^^^^^^^^
AttributeError: module 'rest_framework.permissions' has no attribute 'PermissionDenied'
WARNING 2026-06-08 11:13:42,437 log 11668 18576 Forbidden: /api/expedients/
WARNING 2026-06-08 11:13:49,570 log 11668 18576 Unauthorized: /api/expedients/
ERROR 2026-06-08 11:18:37,198 log 15276 7748 Invalid HTTP_HOST header: 'testserver'. You may need to add 'testserver' to ALLOWED_HOSTS.
Traceback (most recent call last):
  File "C:\Users\Epikg\Documents\GE\backend\venv\Lib\site-packages\django\core\handlers\exception.py", line 55, in inner
    response = get_response(request)
  File "C:\Users\Epikg\Documents\GE\backend\venv\Lib\site-packages\django\utils\deprecation.py", line 308, in __call__
    response = self.process_request(request)
  File "C:\Users\Epikg\Documents\GE\backend\venv\Lib\site-packages\django\middleware\common.py", line 48, in process_request
    host = request.get_host()
  File "C:\Users\Epikg\Documents\GE\backend\venv\Lib\site-packages\django\http\request.py", line 206, in get_host
    raise DisallowedHost(msg)
django.core.exceptions.DisallowedHost: Invalid HTTP_HOST header: 'testserver'. You may need to add 'testserver' to ALLOWED_HOSTS.
ERROR 2026-06-08 11:18:59,657 log 7724 7248 Invalid HTTP_HOST header: 'testserver'. You may need to add 'testserver' to ALLOWED_HOSTS.
Traceback (most recent call last):
  File "C:\Users\Epikg\Documents\GE\backend\venv\Lib\site-packages\django\core\handlers\exception.py", line 55, in inner
    response = get_response(request)
  File "C:\Users\Epikg\Documents\GE\backend\venv\Lib\site-packages\django\utils\deprecation.py", line 308, in __call__
    response = self.process_request(request)
  File "C:\Users\Epikg\Documents\GE\backend\venv\Lib\site-packages\django\middleware\common.py", line 48, in process_request
    host = request.get_host()
  File "C:\Users\Epikg\Documents\GE\backend\venv\Lib\site-packages\django\http\request.py", line 206, in get_host
    raise DisallowedHost(msg)
django.core.exceptions.DisallowedHost: Invalid HTTP_HOST header: 'testserver'. You may need to add 'testserver' to ALLOWED_HOSTS.
WARNING 2026-06-08 13:25:19,693 log 19992 17276 Forbidden: /api/expedients/
WARNING 2026-06-08 13:25:32,222 log 19992 17276 Unauthorized: /api/expedients/
WARNING 2026-06-08 13:25:47,412 log 19992 17276 Forbidden: /api/expedients/request_create/
WARNING 2026-06-08 13:25:53,175 log 19992 17276 Bad Request: /api/expedients/request_create/
WARNING 2026-06-08 13:27:34,832 log 18800 6316 Forbidden: /api/expedients/
WARNING 2026-06-08 13:27:46,538 log 18800 6316 Unauthorized: /api/expedients/
WARNING 2026-06-08 13:28:04,604 log 18800 6316 Forbidden: /api/expedients/request_create/
WARNING 2026-06-08 13:28:10,237 log 18800 6316 Bad Request: /api/expedients/request_create/
WARNING 2026-06-08 13:28:49,454 log 18800 6316 Not Found: /api/expedients/1/reassign/
WARNING 2026-06-08 13:29:02,546 log 18800 6316 Forbidden: /api/expedients/1/reassign/
WARNING 2026-06-08 13:29:13,412 log 18800 6316 Bad Request: /api/expedients/1/reassign/
WARNING 2026-06-08 13:29:24,060 log 18800 6316 Bad Request: /api/expedients/1/reassign/
WARNING 2026-06-08 13:29:40,227 log 18800 6316 Forbidden: /api/expedients/pending_docs/
WARNING 2026-06-08 13:32:49,217 log 5492 20644 Not Found: /api/expedients/1/reassign/
WARNING 2026-06-08 13:34:15,313 log 21224 4592 Not Found: /api/expedients/1/reassign/
ERROR 2026-06-08 13:35:27,170 log 9840 17332 Invalid HTTP_HOST header: 'testserver'. You may need to add 'testserver' to ALLOWED_HOSTS.
Traceback (most recent call last):
  File "C:\Users\Epikg\Documents\GE\backend\venv\Lib\site-packages\django\core\handlers\exception.py", line 55, in inner
    response = get_response(request)
  File "C:\Users\Epikg\Documents\GE\backend\venv\Lib\site-packages\django\utils\deprecation.py", line 308, in __call__
    response = self.process_request(request)
  File "C:\Users\Epikg\Documents\GE\backend\venv\Lib\site-packages\django\middleware\common.py", line 48, in process_request
    host = request.get_host()
  File "C:\Users\Epikg\Documents\GE\backend\venv\Lib\site-packages\django\http\request.py", line 206, in get_host
    raise DisallowedHost(msg)
django.core.exceptions.DisallowedHost: Invalid HTTP_HOST header: 'testserver'. You may need to add 'testserver' to ALLOWED_HOSTS.
WARNING 2026-06-09 22:03:50,980 log 1964 8336 Unauthorized: /api/departments/
WARNING 2026-06-09 22:03:55,607 log 1964 8336 Unauthorized: /api/document-types/
WARNING 2026-06-09 22:45:56,558 log 14920 5320 Unauthorized: /api/departments/
WARNING 2026-06-09 22:46:01,245 log 14920 5320 Unauthorized: /api/document-types/
WARNING 2026-06-10 07:57:37,365 log 5524 6200 Unauthorized: /api/documents/
WARNING 2026-06-10 07:57:50,778 log 5524 6200 Bad Request: /api/documents/
WARNING 2026-06-10 07:57:59,268 log 5524 6200 Bad Request: /api/documents/
WARNING 2026-06-10 07:58:06,187 log 5524 6200 Bad Request: /api/documents/
WARNING 2026-06-10 07:58:21,596 log 5524 6200 Forbidden: /api/documents/pending_review/
WARNING 2026-06-10 07:58:46,301 log 5524 6200 Forbidden: /api/documents/1/review/
WARNING 2026-06-10 07:58:56,050 log 5524 6200 Bad Request: /api/documents/1/review/
WARNING 2026-06-11 16:36:07,373 log 9 137705537136320 Unauthorized: /users/api/v1/me/
WARNING 2026-06-11 16:36:07,375 log 9 137705528743616 Unauthorized: /users/api/v1/me/
WARNING 2026-06-11 16:36:07,392 basehttp 9 137705537136320 "GET /users/api/v1/me/ HTTP/1.1" 401 58
WARNING 2026-06-11 16:36:07,406 basehttp 9 137705528743616 "GET /users/api/v1/me/ HTTP/1.1" 401 58
WARNING 2026-06-11 16:36:07,609 log 9 137705537136320 Bad Request: /users/api/v1/token/refresh/
WARNING 2026-06-11 16:36:07,616 basehttp 9 137705537136320 "POST /users/api/v1/token/refresh/ HTTP/1.1" 400 39
WARNING 2026-06-11 16:36:10,991 log 9 137705528743616 Unauthorized: /users/api/v1/me/
WARNING 2026-06-11 16:36:10,996 basehttp 9 137705528743616 "GET /users/api/v1/me/ HTTP/1.1" 401 58
WARNING 2026-06-11 16:36:11,106 log 9 137705537136320 Bad Request: /users/api/v1/token/refresh/
WARNING 2026-06-11 16:36:11,118 basehttp 9 137705537136320 "POST /users/api/v1/token/refresh/ HTTP/1.1" 400 39
WARNING 2026-06-11 16:36:11,260 log 9 137705528743616 Unauthorized: /users/api/v1/me/
WARNING 2026-06-11 16:36:11,272 basehttp 9 137705528743616 "GET /users/api/v1/me/ HTTP/1.1" 401 58
WARNING 2026-06-11 16:36:11,404 log 9 137705537136320 Bad Request: /users/api/v1/token/refresh/
WARNING 2026-06-11 16:36:11,411 basehttp 9 137705537136320 "POST /users/api/v1/token/refresh/ HTTP/1.1" 400 39
WARNING 2026-06-11 16:36:12,394 log 9 137705528743616 Unauthorized: /users/api/v1/me/
WARNING 2026-06-11 16:36:12,403 basehttp 9 137705528743616 "GET /users/api/v1/me/ HTTP/1.1" 401 58
WARNING 2026-06-11 16:36:12,557 log 9 137705537136320 Bad Request: /users/api/v1/token/refresh/
WARNING 2026-06-11 16:36:12,565 basehttp 9 137705537136320 "POST /users/api/v1/token/refresh/ HTTP/1.1" 400 39
WARNING 2026-06-11 16:36:12,714 log 9 137705528743616 Unauthorized: /users/api/v1/me/
WARNING 2026-06-11 16:36:12,725 basehttp 9 137705528743616 "GET /users/api/v1/me/ HTTP/1.1" 401 58
WARNING 2026-06-11 16:36:12,758 log 9 137705537136320 Bad Request: /users/api/v1/token/refresh/
WARNING 2026-06-11 16:36:12,763 basehttp 9 137705537136320 "POST /users/api/v1/token/refresh/ HTTP/1.1" 400 39
WARNING 2026-06-11 16:36:14,027 log 9 137705528743616 Unauthorized: /users/api/v1/me/
WARNING 2026-06-11 16:36:14,032 basehttp 9 137705528743616 "GET /users/api/v1/me/ HTTP/1.1" 401 58
WARNING 2026-06-11 16:36:14,117 log 9 137705537136320 Bad Request: /users/api/v1/token/refresh/
WARNING 2026-06-11 16:36:14,122 basehttp 9 137705537136320 "POST /users/api/v1/token/refresh/ HTTP/1.1" 400 39
WARNING 2026-06-11 16:36:14,305 log 9 137705528743616 Unauthorized: /users/api/v1/me/
WARNING 2026-06-11 16:36:14,320 basehttp 9 137705528743616 "GET /users/api/v1/me/ HTTP/1.1" 401 58
WARNING 2026-06-11 16:36:15,214 log 9 137705537136320 Unauthorized: /users/api/v1/me/
WARNING 2026-06-11 16:36:15,220 basehttp 9 137705537136320 "GET /users/api/v1/me/ HTTP/1.1" 401 58
WARNING 2026-06-11 16:36:15,334 log 9 137705537136320 Bad Request: /users/api/v1/token/refresh/
WARNING 2026-06-11 16:36:15,338 basehttp 9 137705537136320 "POST /users/api/v1/token/refresh/ HTTP/1.1" 400 39
WARNING 2026-06-11 16:36:15,520 log 9 137705537136320 Unauthorized: /users/api/v1/me/
WARNING 2026-06-11 16:36:15,537 basehttp 9 137705537136320 "GET /users/api/v1/me/ HTTP/1.1" 401 58
WARNING 2026-06-11 16:36:16,285 log 9 137705537136320 Unauthorized: /users/api/v1/me/
WARNING 2026-06-11 16:36:16,289 basehttp 9 137705537136320 "GET /users/api/v1/me/ HTTP/1.1" 401 58
WARNING 2026-06-11 16:36:16,400 log 9 137705537136320 Bad Request: /users/api/v1/token/refresh/
WARNING 2026-06-11 16:36:16,408 basehttp 9 137705537136320 "POST /users/api/v1/token/refresh/ HTTP/1.1" 400 39
WARNING 2026-06-11 16:36:16,572 log 9 137705537136320 Unauthorized: /users/api/v1/me/
WARNING 2026-06-11 16:36:16,583 basehttp 9 137705537136320 "GET /users/api/v1/me/ HTTP/1.1" 401 58
WARNING 2026-06-11 16:36:16,621 log 9 137705537136320 Bad Request: /users/api/v1/token/refresh/
WARNING 2026-06-11 16:36:16,628 basehttp 9 137705537136320 "POST /users/api/v1/token/refresh/ HTTP/1.1" 400 39
WARNING 2026-06-11 16:36:17,614 log 9 137705537136320 Unauthorized: /users/api/v1/me/
WARNING 2026-06-11 16:36:17,626 basehttp 9 137705537136320 "GET /users/api/v1/me/ HTTP/1.1" 401 58
WARNING 2026-06-11 16:36:17,719 log 9 137705537136320 Bad Request: /users/api/v1/token/refresh/
WARNING 2026-06-11 16:36:17,722 basehttp 9 137705537136320 "POST /users/api/v1/token/refresh/ HTTP/1.1" 400 39
WARNING 2026-06-11 16:36:18,750 log 9 137705537136320 Unauthorized: /users/api/v1/me/
WARNING 2026-06-11 16:36:18,755 basehttp 9 137705537136320 "GET /users/api/v1/me/ HTTP/1.1" 401 58
WARNING 2026-06-11 16:36:18,870 log 9 137705537136320 Bad Request: /users/api/v1/token/refresh/
WARNING 2026-06-11 16:36:18,878 basehttp 9 137705537136320 "POST /users/api/v1/token/refresh/ HTTP/1.1" 400 39
WARNING 2026-06-11 16:36:19,040 log 9 137705537136320 Unauthorized: /users/api/v1/me/
WARNING 2026-06-11 16:36:19,050 basehttp 9 137705537136320 "GET /users/api/v1/me/ HTTP/1.1" 401 58
WARNING 2026-06-11 16:36:19,096 log 9 137705537136320 Bad Request: /users/api/v1/token/refresh/
WARNING 2026-06-11 16:36:19,103 basehttp 9 137705537136320 "POST /users/api/v1/token/refresh/ HTTP/1.1" 400 39
WARNING 2026-06-11 16:36:20,064 log 9 137705537136320 Unauthorized: /users/api/v1/me/
WARNING 2026-06-11 16:36:20,076 basehttp 9 137705537136320 "GET /users/api/v1/me/ HTTP/1.1" 401 58
WARNING 2026-06-11 16:36:20,164 log 9 137705537136320 Bad Request: /users/api/v1/token/refresh/
WARNING 2026-06-11 16:36:20,170 basehttp 9 137705537136320 "POST /users/api/v1/token/refresh/ HTTP/1.1" 400 39
WARNING 2026-06-11 16:36:20,464 log 9 137705537136320 Unauthorized: /users/api/v1/me/
WARNING 2026-06-11 16:36:20,471 basehttp 9 137705537136320 "GET /users/api/v1/me/ HTTP/1.1" 401 58
WARNING 2026-06-11 16:36:20,520 log 9 137705537136320 Bad Request: /users/api/v1/token/refresh/
WARNING 2026-06-11 16:36:20,529 basehttp 9 137705537136320 "POST /users/api/v1/token/refresh/ HTTP/1.1" 400 39
WARNING 2026-06-11 16:36:21,474 log 9 137705537136320 Unauthorized: /users/api/v1/me/
WARNING 2026-06-11 16:36:21,483 basehttp 9 137705537136320 "GET /users/api/v1/me/ HTTP/1.1" 401 58
WARNING 2026-06-11 16:36:21,657 log 9 137705537136320 Bad Request: /users/api/v1/token/refresh/
WARNING 2026-06-11 16:36:21,669 basehttp 9 137705537136320 "POST /users/api/v1/token/refresh/ HTTP/1.1" 400 39
WARNING 2026-06-11 16:36:21,849 log 9 137705537136320 Unauthorized: /users/api/v1/me/
WARNING 2026-06-11 16:36:21,858 basehttp 9 137705537136320 "GET /users/api/v1/me/ HTTP/1.1" 401 58
WARNING 2026-06-11 16:36:21,901 log 9 137705537136320 Bad Request: /users/api/v1/token/refresh/
WARNING 2026-06-11 16:36:21,907 basehttp 9 137705537136320 "POST /users/api/v1/token/refresh/ HTTP/1.1" 400 39
WARNING 2026-06-11 16:36:22,806 log 9 137705537136320 Unauthorized: /users/api/v1/me/
WARNING 2026-06-11 16:36:22,815 basehttp 9 137705537136320 "GET /users/api/v1/me/ HTTP/1.1" 401 58
WARNING 2026-06-11 16:36:23,096 log 9 137705537136320 Bad Request: /users/api/v1/token/refresh/
WARNING 2026-06-11 16:36:23,126 basehttp 9 137705537136320 "POST /users/api/v1/token/refresh/ HTTP/1.1" 400 39
WARNING 2026-06-11 16:36:23,173 log 9 137705537136320 Unauthorized: /users/api/v1/me/
WARNING 2026-06-11 16:36:23,188 basehttp 9 137705537136320 "GET /users/api/v1/me/ HTTP/1.1" 401 58
WARNING 2026-06-11 16:36:24,668 log 9 137705537136320 Unauthorized: /users/api/v1/me/
WARNING 2026-06-11 16:36:24,681 basehttp 9 137705537136320 "GET /users/api/v1/me/ HTTP/1.1" 401 58
WARNING 2026-06-11 16:36:24,758 log 9 137705537136320 Bad Request: /users/api/v1/token/refresh/
WARNING 2026-06-11 16:36:24,771 basehttp 9 137705537136320 "POST /users/api/v1/token/refresh/ HTTP/1.1" 400 39
WARNING 2026-06-11 16:36:24,994 log 9 137705537136320 Unauthorized: /users/api/v1/me/
WARNING 2026-06-11 16:36:25,004 basehttp 9 137705537136320 "GET /users/api/v1/me/ HTTP/1.1" 401 58
WARNING 2026-06-11 16:36:25,052 log 9 137705537136320 Bad Request: /users/api/v1/token/refresh/
WARNING 2026-06-11 16:36:25,063 basehttp 9 137705537136320 "POST /users/api/v1/token/refresh/ HTTP/1.1" 400 39
WARNING 2026-06-11 16:36:33,405 log 9 137705537136320 Unauthorized: /users/api/v1/me/
WARNING 2026-06-11 16:36:33,412 log 9 137705528743616 Unauthorized: /users/api/v1/me/
WARNING 2026-06-11 16:36:33,453 basehttp 9 137705537136320 "GET /users/api/v1/me/ HTTP/1.1" 401 58
WARNING 2026-06-11 16:36:33,513 basehttp 9 137705528743616 "GET /users/api/v1/me/ HTTP/1.1" 401 58
WARNING 2026-06-11 16:36:33,653 log 9 137705537136320 Bad Request: /users/api/v1/token/refresh/
WARNING 2026-06-11 16:36:33,668 basehttp 9 137705537136320 "POST /users/api/v1/token/refresh/ HTTP/1.1" 400 39
WARNING 2026-06-11 16:36:36,518 log 9 137705528743616 Unauthorized: /users/api/v1/me/
WARNING 2026-06-11 16:36:36,522 basehttp 9 137705528743616 "GET /users/api/v1/me/ HTTP/1.1" 401 58
WARNING 2026-06-11 16:36:36,637 log 9 137705537136320 Bad Request: /users/api/v1/token/refresh/
WARNING 2026-06-11 16:36:36,641 basehttp 9 137705537136320 "POST /users/api/v1/token/refresh/ HTTP/1.1" 400 39
WARNING 2026-06-11 16:36:36,814 log 9 137705528743616 Unauthorized: /users/api/v1/me/
WARNING 2026-06-11 16:36:36,825 basehttp 9 137705528743616 "GET /users/api/v1/me/ HTTP/1.1" 401 58
WARNING 2026-06-11 16:36:36,868 log 9 137705537136320 Bad Request: /users/api/v1/token/refresh/
WARNING 2026-06-11 16:36:36,873 basehttp 9 137705537136320 "POST /users/api/v1/token/refresh/ HTTP/1.1" 400 39
WARNING 2026-06-11 16:36:37,941 log 9 137705528743616 Unauthorized: /users/api/v1/me/
WARNING 2026-06-11 16:36:37,956 basehttp 9 137705528743616 "GET /users/api/v1/me/ HTTP/1.1" 401 58
WARNING 2026-06-11 16:36:38,082 log 9 137705537136320 Bad Request: /users/api/v1/token/refresh/
WARNING 2026-06-11 16:36:38,088 basehttp 9 137705537136320 "POST /users/api/v1/token/refresh/ HTTP/1.1" 400 39
WARNING 2026-06-11 16:36:38,276 log 9 137705528743616 Unauthorized: /users/api/v1/me/
WARNING 2026-06-11 16:36:38,282 basehttp 9 137705528743616 "GET /users/api/v1/me/ HTTP/1.1" 401 58
WARNING 2026-06-11 16:36:38,319 log 9 137705537136320 Bad Request: /users/api/v1/token/refresh/
WARNING 2026-06-11 16:36:38,324 basehttp 9 137705537136320 "POST /users/api/v1/token/refresh/ HTTP/1.1" 400 39
WARNING 2026-06-11 16:36:39,517 log 9 137705528743616 Unauthorized: /users/api/v1/me/
WARNING 2026-06-11 16:36:39,524 basehttp 9 137705528743616 "GET /users/api/v1/me/ HTTP/1.1" 401 58
WARNING 2026-06-11 16:36:39,609 log 9 137705537136320 Bad Request: /users/api/v1/token/refresh/
WARNING 2026-06-11 16:36:39,620 basehttp 9 137705537136320 "POST /users/api/v1/token/refresh/ HTTP/1.1" 400 39
WARNING 2026-06-11 16:36:39,860 log 9 137705528743616 Unauthorized: /users/api/v1/me/
WARNING 2026-06-11 16:36:39,868 basehttp 9 137705528743616 "GET /users/api/v1/me/ HTTP/1.1" 401 58
WARNING 2026-06-11 16:36:40,874 log 9 137705537136320 Unauthorized: /users/api/v1/me/
WARNING 2026-06-11 16:36:40,880 basehttp 9 137705537136320 "GET /users/api/v1/me/ HTTP/1.1" 401 58
WARNING 2026-06-11 16:36:41,119 log 9 137705528743616 Bad Request: /users/api/v1/token/refresh/
WARNING 2026-06-11 16:36:41,124 basehttp 9 137705528743616 "POST /users/api/v1/token/refresh/ HTTP/1.1" 400 39
WARNING 2026-06-11 16:36:41,173 log 9 137705537136320 Unauthorized: /users/api/v1/me/
WARNING 2026-06-11 16:36:41,184 basehttp 9 137705537136320 "GET /users/api/v1/me/ HTTP/1.1" 401 58
WARNING 2026-06-11 16:36:42,502 log 9 137705528743616 Unauthorized: /users/api/v1/me/
WARNING 2026-06-11 16:36:42,508 basehttp 9 137705528743616 "GET /users/api/v1/me/ HTTP/1.1" 401 58
WARNING 2026-06-11 16:36:42,561 log 9 137705528743616 Bad Request: /users/api/v1/token/refresh/
WARNING 2026-06-11 16:36:42,565 basehttp 9 137705528743616 "POST /users/api/v1/token/refresh/ HTTP/1.1" 400 39
WARNING 2026-06-11 16:36:43,837 log 9 137705528743616 Unauthorized: /users/api/v1/me/
WARNING 2026-06-11 16:36:43,844 basehttp 9 137705528743616 "GET /users/api/v1/me/ HTTP/1.1" 401 58
WARNING 2026-06-11 16:36:43,915 log 9 137705528743616 Bad Request: /users/api/v1/token/refresh/
WARNING 2026-06-11 16:36:43,920 basehttp 9 137705528743616 "POST /users/api/v1/token/refresh/ HTTP/1.1" 400 39
WARNING 2026-06-11 16:36:44,778 log 9 137705528743616 Unauthorized: /users/api/v1/me/
WARNING 2026-06-11 16:36:44,781 basehttp 9 137705528743616 "GET /users/api/v1/me/ HTTP/1.1" 401 58
WARNING 2026-06-11 16:36:44,858 log 9 137705528743616 Bad Request: /users/api/v1/token/refresh/
WARNING 2026-06-11 16:36:44,861 basehttp 9 137705528743616 "POST /users/api/v1/token/refresh/ HTTP/1.1" 400 39
WARNING 2026-06-11 16:36:45,629 log 9 137705528743616 Unauthorized: /users/api/v1/me/
WARNING 2026-06-11 16:36:45,638 basehttp 9 137705528743616 "GET /users/api/v1/me/ HTTP/1.1" 401 58
WARNING 2026-06-11 16:36:45,711 log 9 137705528743616 Bad Request: /users/api/v1/token/refresh/
WARNING 2026-06-11 16:36:45,724 basehttp 9 137705528743616 "POST /users/api/v1/token/refresh/ HTTP/1.1" 400 39
WARNING 2026-06-11 16:36:46,713 log 9 137705528743616 Unauthorized: /users/api/v1/me/
WARNING 2026-06-11 16:36:46,718 basehttp 9 137705528743616 "GET /users/api/v1/me/ HTTP/1.1" 401 58
WARNING 2026-06-11 16:36:54,251 log 9 137705528743616 Unauthorized: /users/api/v1/me/
WARNING 2026-06-11 16:36:54,256 basehttp 9 137705528743616 "GET /users/api/v1/me/ HTTP/1.1" 401 58
WARNING 2026-06-11 16:36:54,285 log 9 137705528743616 Bad Request: /users/api/v1/token/refresh/
WARNING 2026-06-11 16:36:54,289 basehttp 9 137705528743616 "POST /users/api/v1/token/refresh/ HTTP/1.1" 400 39
WARNING 2026-06-11 16:36:54,560 log 9 137705528743616 Unauthorized: /users/api/v1/me/
WARNING 2026-06-11 16:36:54,564 basehttp 9 137705528743616 "GET /users/api/v1/me/ HTTP/1.1" 401 58
WARNING 2026-06-11 16:36:56,030 log 9 137705528743616 Unauthorized: /users/api/v1/me/
WARNING 2026-06-11 16:36:56,041 basehttp 9 137705528743616 "GET /users/api/v1/me/ HTTP/1.1" 401 58
WARNING 2026-06-11 16:36:56,113 log 9 137705528743616 Bad Request: /users/api/v1/token/refresh/
WARNING 2026-06-11 16:36:56,119 basehttp 9 137705528743616 "POST /users/api/v1/token/refresh/ HTTP/1.1" 400 39
WARNING 2026-06-11 16:36:57,001 log 9 137705528743616 Unauthorized: /users/api/v1/me/
WARNING 2026-06-11 16:36:57,006 basehttp 9 137705528743616 "GET /users/api/v1/me/ HTTP/1.1" 401 58
WARNING 2026-06-11 16:36:57,066 log 9 137705528743616 Bad Request: /users/api/v1/token/refresh/
WARNING 2026-06-11 16:36:57,069 basehttp 9 137705528743616 "POST /users/api/v1/token/refresh/ HTTP/1.1" 400 39
WARNING 2026-06-11 16:36:57,766 log 9 137705528743616 Unauthorized: /users/api/v1/me/
WARNING 2026-06-11 16:36:57,769 basehttp 9 137705528743616 "GET /users/api/v1/me/ HTTP/1.1" 401 58
WARNING 2026-06-11 16:36:57,824 log 9 137705528743616 Bad Request: /users/api/v1/token/refresh/
WARNING 2026-06-11 16:36:57,828 basehttp 9 137705528743616 "POST /users/api/v1/token/refresh/ HTTP/1.1" 400 39
WARNING 2026-06-11 16:37:33,690 log 9 137705528743616 Unauthorized: /users/api/v1/me/
WARNING 2026-06-11 16:37:33,696 basehttp 9 137705528743616 "GET /users/api/v1/me/ HTTP/1.1" 401 58
WARNING 2026-06-11 16:37:33,994 log 9 137705528743616 Bad Request: /users/api/v1/token/refresh/
WARNING 2026-06-11 16:37:34,002 basehttp 9 137705528743616 "POST /users/api/v1/token/refresh/ HTTP/1.1" 400 39
WARNING 2026-06-11 16:37:36,148 log 9 137705528743616 Unauthorized: /users/api/v1/me/
WARNING 2026-06-11 16:37:36,158 basehttp 9 137705528743616 "GET /users/api/v1/me/ HTTP/1.1" 401 58
WARNING 2026-06-11 16:37:36,404 log 9 137705528743616 Unauthorized: /users/api/v1/me/
WARNING 2026-06-11 16:37:36,408 basehttp 9 137705528743616 "GET /users/api/v1/me/ HTTP/1.1" 401 58
WARNING 2026-06-11 16:37:36,468 log 9 137705528743616 Bad Request: /users/api/v1/token/refresh/
WARNING 2026-06-11 16:37:36,481 basehttp 9 137705528743616 "POST /users/api/v1/token/refresh/ HTTP/1.1" 400 39
WARNING 2026-06-11 16:37:37,792 log 9 137705528743616 Unauthorized: /users/api/v1/me/
WARNING 2026-06-11 16:37:37,799 basehttp 9 137705528743616 "GET /users/api/v1/me/ HTTP/1.1" 401 58
WARNING 2026-06-11 16:37:37,902 log 9 137705528743616 Bad Request: /users/api/v1/token/refresh/
WARNING 2026-06-11 16:37:37,907 basehttp 9 137705528743616 "POST /users/api/v1/token/refresh/ HTTP/1.1" 400 39
WARNING 2026-06-11 16:37:38,094 log 9 137705528743616 Unauthorized: /users/api/v1/me/
WARNING 2026-06-11 16:37:38,104 basehttp 9 137705528743616 "GET /users/api/v1/me/ HTTP/1.1" 401 58
WARNING 2026-06-11 16:37:39,992 log 9 137705528743616 Unauthorized: /users/api/v1/me/
WARNING 2026-06-11 16:37:39,997 basehttp 9 137705528743616 "GET /users/api/v1/me/ HTTP/1.1" 401 58
WARNING 2026-06-11 16:37:40,134 log 9 137705528743616 Bad Request: /users/api/v1/token/refresh/
WARNING 2026-06-11 16:37:40,142 basehttp 9 137705528743616 "POST /users/api/v1/token/refresh/ HTTP/1.1" 400 39
WARNING 2026-06-11 16:37:40,318 log 9 137705528743616 Unauthorized: /users/api/v1/me/
WARNING 2026-06-11 16:37:40,325 basehttp 9 137705528743616 "GET /users/api/v1/me/ HTTP/1.1" 401 58
WARNING 2026-06-11 16:37:40,358 log 9 137705528743616 Bad Request: /users/api/v1/token/refresh/
WARNING 2026-06-11 16:37:40,361 basehttp 9 137705528743616 "POST /users/api/v1/token/refresh/ HTTP/1.1" 400 39
WARNING 2026-06-11 16:37:46,525 log 9 137705528743616 Unauthorized: /users/api/v1/me/
WARNING 2026-06-11 16:37:46,530 basehttp 9 137705528743616 "GET /users/api/v1/me/ HTTP/1.1" 401 58
WARNING 2026-06-11 16:37:47,068 log 9 137705528743616 Unauthorized: /users/api/v1/me/
WARNING 2026-06-11 16:37:47,072 basehttp 9 137705528743616 "GET /users/api/v1/me/ HTTP/1.1" 401 58
WARNING 2026-06-11 16:37:47,127 log 9 137705528743616 Bad Request: /users/api/v1/token/refresh/
WARNING 2026-06-11 16:37:47,138 basehttp 9 137705528743616 "POST /users/api/v1/token/refresh/ HTTP/1.1" 400 39
WARNING 2026-06-11 16:37:50,135 log 9 137705528743616 Unauthorized: /users/api/v1/me/
WARNING 2026-06-11 16:37:50,140 basehttp 9 137705528743616 "GET /users/api/v1/me/ HTTP/1.1" 401 58
WARNING 2026-06-11 16:37:50,208 log 9 137705528743616 Bad Request: /users/api/v1/token/refresh/
WARNING 2026-06-11 16:37:50,215 basehttp 9 137705528743616 "POST /users/api/v1/token/refresh/ HTTP/1.1" 400 39
WARNING 2026-06-11 16:37:51,100 log 9 137705528743616 Unauthorized: /users/api/v1/me/
WARNING 2026-06-11 16:37:51,105 basehttp 9 137705528743616 "GET /users/api/v1/me/ HTTP/1.1" 401 58
WARNING 2026-06-11 16:37:51,267 log 9 137705528743616 Bad Request: /users/api/v1/token/refresh/
WARNING 2026-06-11 16:37:51,272 basehttp 9 137705528743616 "POST /users/api/v1/token/refresh/ HTTP/1.1" 400 39
WARNING 2026-06-11 16:37:52,097 log 9 137705528743616 Unauthorized: /users/api/v1/me/
WARNING 2026-06-11 16:37:52,102 basehttp 9 137705528743616 "GET /users/api/v1/me/ HTTP/1.1" 401 58
WARNING 2026-06-11 16:37:52,192 log 9 137705528743616 Bad Request: /users/api/v1/token/refresh/
WARNING 2026-06-11 16:37:52,203 basehttp 9 137705528743616 "POST /users/api/v1/token/refresh/ HTTP/1.1" 400 39
WARNING 2026-06-11 16:37:53,327 log 9 137705528743616 Unauthorized: /users/api/v1/me/
WARNING 2026-06-11 16:37:53,333 basehttp 9 137705528743616 "GET /users/api/v1/me/ HTTP/1.1" 401 58
WARNING 2026-06-11 16:37:53,479 log 9 137705528743616 Bad Request: /users/api/v1/token/refresh/
WARNING 2026-06-11 16:37:53,489 basehttp 9 137705528743616 "POST /users/api/v1/token/refresh/ HTTP/1.1" 400 39
WARNING 2026-06-11 16:37:54,419 log 9 137705528743616 Unauthorized: /users/api/v1/me/
WARNING 2026-06-11 16:37:54,428 basehttp 9 137705528743616 "GET /users/api/v1/me/ HTTP/1.1" 401 58
WARNING 2026-06-11 16:37:54,508 log 9 137705528743616 Bad Request: /users/api/v1/token/refresh/
WARNING 2026-06-11 16:37:54,513 basehttp 9 137705528743616 "POST /users/api/v1/token/refresh/ HTTP/1.1" 400 39
WARNING 2026-06-11 16:37:55,206 log 9 137705528743616 Unauthorized: /users/api/v1/me/
WARNING 2026-06-11 16:37:55,211 basehttp 9 137705528743616 "GET /users/api/v1/me/ HTTP/1.1" 401 58
WARNING 2026-06-11 16:37:55,297 log 9 137705528743616 Bad Request: /users/api/v1/token/refresh/
WARNING 2026-06-11 16:37:55,301 basehttp 9 137705528743616 "POST /users/api/v1/token/refresh/ HTTP/1.1" 400 39
WARNING 2026-06-11 16:37:56,075 log 9 137705528743616 Unauthorized: /users/api/v1/me/
WARNING 2026-06-11 16:37:56,078 basehttp 9 137705528743616 "GET /users/api/v1/me/ HTTP/1.1" 401 58
WARNING 2026-06-11 16:37:56,135 log 9 137705528743616 Bad Request: /users/api/v1/token/refresh/
WARNING 2026-06-11 16:37:56,144 basehttp 9 137705528743616 "POST /users/api/v1/token/refresh/ HTTP/1.1" 400 39
WARNING 2026-06-11 16:37:56,789 log 9 137705528743616 Unauthorized: /users/api/v1/me/
WARNING 2026-06-11 16:37:56,792 basehttp 9 137705528743616 "GET /users/api/v1/me/ HTTP/1.1" 401 58
WARNING 2026-06-11 16:37:56,872 log 9 137705528743616 Bad Request: /users/api/v1/token/refresh/
WARNING 2026-06-11 16:37:56,875 basehttp 9 137705528743616 "POST /users/api/v1/token/refresh/ HTTP/1.1" 400 39
WARNING 2026-06-11 16:37:57,760 log 9 137705528743616 Unauthorized: /users/api/v1/me/
WARNING 2026-06-11 16:37:57,768 basehttp 9 137705528743616 "GET /users/api/v1/me/ HTTP/1.1" 401 58
WARNING 2026-06-11 16:37:57,845 log 9 137705528743616 Bad Request: /users/api/v1/token/refresh/
WARNING 2026-06-11 16:37:57,851 basehttp 9 137705528743616 "POST /users/api/v1/token/refresh/ HTTP/1.1" 400 39
WARNING 2026-06-11 16:37:58,702 log 9 137705528743616 Unauthorized: /users/api/v1/me/
WARNING 2026-06-11 16:37:58,708 basehttp 9 137705528743616 "GET /users/api/v1/me/ HTTP/1.1" 401 58
WARNING 2026-06-11 16:37:58,795 log 9 137705528743616 Bad Request: /users/api/v1/token/refresh/
WARNING 2026-06-11 16:37:58,802 basehttp 9 137705528743616 "POST /users/api/v1/token/refresh/ HTTP/1.1" 400 39
WARNING 2026-06-11 16:37:59,716 log 9 137705528743616 Unauthorized: /users/api/v1/me/
WARNING 2026-06-11 16:37:59,720 basehttp 9 137705528743616 "GET /users/api/v1/me/ HTTP/1.1" 401 58
WARNING 2026-06-11 16:37:59,792 log 9 137705528743616 Bad Request: /users/api/v1/token/refresh/
WARNING 2026-06-11 16:37:59,795 basehttp 9 137705528743616 "POST /users/api/v1/token/refresh/ HTTP/1.1" 400 39
WARNING 2026-06-11 16:38:00,589 log 9 137705528743616 Unauthorized: /users/api/v1/me/
WARNING 2026-06-11 16:38:00,596 basehttp 9 137705528743616 "GET /users/api/v1/me/ HTTP/1.1" 401 58
WARNING 2026-06-11 16:38:00,658 log 9 137705528743616 Bad Request: /users/api/v1/token/refresh/
WARNING 2026-06-11 16:38:00,664 basehttp 9 137705528743616 "POST /users/api/v1/token/refresh/ HTTP/1.1" 400 39
WARNING 2026-06-11 16:38:01,625 log 9 137705528743616 Unauthorized: /users/api/v1/me/
WARNING 2026-06-11 16:38:01,631 basehttp 9 137705528743616 "GET /users/api/v1/me/ HTTP/1.1" 401 58
WARNING 2026-06-11 16:38:01,768 log 9 137705528743616 Bad Request: /users/api/v1/token/refresh/
WARNING 2026-06-11 16:38:01,778 basehttp 9 137705528743616 "POST /users/api/v1/token/refresh/ HTTP/1.1" 400 39
WARNING 2026-06-11 16:38:05,638 log 9 137705528743616 Unauthorized: /users/api/v1/me/
WARNING 2026-06-11 16:38:05,652 basehttp 9 137705528743616 "GET /users/api/v1/me/ HTTP/1.1" 401 58
WARNING 2026-06-11 16:38:06,143 log 9 137705528743616 Unauthorized: /users/api/v1/me/
WARNING 2026-06-11 16:38:06,157 basehttp 9 137705528743616 "GET /users/api/v1/me/ HTTP/1.1" 401 58
WARNING 2026-06-11 16:38:06,175 log 9 137705537136320 Bad Request: /users/api/v1/token/refresh/
WARNING 2026-06-11 16:38:06,181 basehttp 9 137705537136320 "POST /users/api/v1/token/refresh/ HTTP/1.1" 400 39
WARNING 2026-06-11 16:38:08,314 log 9 137705528743616 Unauthorized: /users/api/v1/me/
WARNING 2026-06-11 16:38:08,326 basehttp 9 137705528743616 "GET /users/api/v1/me/ HTTP/1.1" 401 58
WARNING 2026-06-11 16:38:08,446 log 9 137705528743616 Bad Request: /users/api/v1/token/refresh/
WARNING 2026-06-11 16:38:08,482 basehttp 9 137705528743616 "POST /users/api/v1/token/refresh/ HTTP/1.1" 400 39
WARNING 2026-06-11 16:38:08,693 log 9 137705528743616 Unauthorized: /users/api/v1/me/
WARNING 2026-06-11 16:38:08,705 basehttp 9 137705528743616 "GET /users/api/v1/me/ HTTP/1.1" 401 58
WARNING 2026-06-11 16:38:08,800 log 9 137705528743616 Bad Request: /users/api/v1/token/refresh/
WARNING 2026-06-11 16:38:08,812 basehttp 9 137705528743616 "POST /users/api/v1/token/refresh/ HTTP/1.1" 400 39
WARNING 2026-06-11 16:38:10,274 log 9 137705528743616 Unauthorized: /users/api/v1/me/
WARNING 2026-06-11 16:38:10,293 basehttp 9 137705528743616 "GET /users/api/v1/me/ HTTP/1.1" 401 58
WARNING 2026-06-11 16:38:10,410 log 9 137705528743616 Bad Request: /users/api/v1/token/refresh/
WARNING 2026-06-11 16:38:10,420 basehttp 9 137705528743616 "POST /users/api/v1/token/refresh/ HTTP/1.1" 400 39
WARNING 2026-06-11 16:38:11,711 log 9 137705528743616 Unauthorized: /users/api/v1/me/
WARNING 2026-06-11 16:38:11,717 basehttp 9 137705528743616 "GET /users/api/v1/me/ HTTP/1.1" 401 58
WARNING 2026-06-11 16:38:11,804 log 9 137705528743616 Bad Request: /users/api/v1/token/refresh/
WARNING 2026-06-11 16:38:11,810 basehttp 9 137705528743616 "POST /users/api/v1/token/refresh/ HTTP/1.1" 400 39
WARNING 2026-06-11 16:38:13,284 log 9 137705528743616 Unauthorized: /users/api/v1/me/
WARNING 2026-06-11 16:38:13,289 basehttp 9 137705528743616 "GET /users/api/v1/me/ HTTP/1.1" 401 58
WARNING 2026-06-11 16:38:13,434 log 9 137705528743616 Bad Request: /users/api/v1/token/refresh/
WARNING 2026-06-11 16:38:13,460 basehttp 9 137705528743616 "POST /users/api/v1/token/refresh/ HTTP/1.1" 400 39
WARNING 2026-06-11 16:38:13,641 log 9 137705528743616 Unauthorized: /users/api/v1/me/
WARNING 2026-06-11 16:38:13,671 basehttp 9 137705528743616 "GET /users/api/v1/me/ HTTP/1.1" 401 58
WARNING 2026-06-11 16:38:13,720 log 9 137705528743616 Bad Request: /users/api/v1/token/refresh/
WARNING 2026-06-11 16:38:13,726 basehttp 9 137705528743616 "POST /users/api/v1/token/refresh/ HTTP/1.1" 400 39
WARNING 2026-06-11 16:38:15,426 log 9 137705528743616 Unauthorized: /users/api/v1/me/
WARNING 2026-06-11 16:38:15,440 basehttp 9 137705528743616 "GET /users/api/v1/me/ HTTP/1.1" 401 58
WARNING 2026-06-11 16:38:15,543 log 9 137705528743616 Bad Request: /users/api/v1/token/refresh/
WARNING 2026-06-11 16:38:15,556 basehttp 9 137705528743616 "POST /users/api/v1/token/refresh/ HTTP/1.1" 400 39
WARNING 2026-06-11 16:38:15,940 log 9 137705528743616 Unauthorized: /users/api/v1/me/
WARNING 2026-06-11 16:38:15,946 basehttp 9 137705528743616 "GET /users/api/v1/me/ HTTP/1.1" 401 58
WARNING 2026-06-11 16:38:16,037 log 9 137705528743616 Bad Request: /users/api/v1/token/refresh/
WARNING 2026-06-11 16:38:16,045 basehttp 9 137705528743616 "POST /users/api/v1/token/refresh/ HTTP/1.1" 400 39
WARNING 2026-06-11 16:38:17,170 log 9 137705537136320 Unauthorized: /users/api/v1/me/
WARNING 2026-06-11 16:38:17,176 basehttp 9 137705537136320 "GET /users/api/v1/me/ HTTP/1.1" 401 58
WARNING 2026-06-11 16:38:17,335 log 9 137705537136320 Bad Request: /users/api/v1/token/refresh/
WARNING 2026-06-11 16:38:17,354 basehttp 9 137705537136320 "POST /users/api/v1/token/refresh/ HTTP/1.1" 400 39
WARNING 2026-06-11 16:38:17,666 log 9 137705537136320 Unauthorized: /users/api/v1/me/
WARNING 2026-06-11 16:38:17,670 basehttp 9 137705537136320 "GET /users/api/v1/me/ HTTP/1.1" 401 58
WARNING 2026-06-11 16:38:18,769 log 9 137705537136320 Unauthorized: /users/api/v1/me/
WARNING 2026-06-11 16:38:18,773 basehttp 9 137705537136320 "GET /users/api/v1/me/ HTTP/1.1" 401 58
WARNING 2026-06-11 16:38:18,865 log 9 137705537136320 Bad Request: /users/api/v1/token/refresh/
WARNING 2026-06-11 16:38:18,875 basehttp 9 137705537136320 "POST /users/api/v1/token/refresh/ HTTP/1.1" 400 39
WARNING 2026-06-11 16:38:20,114 log 9 137705537136320 Unauthorized: /users/api/v1/me/
WARNING 2026-06-11 16:38:20,120 basehttp 9 137705537136320 "GET /users/api/v1/me/ HTTP/1.1" 401 58
WARNING 2026-06-11 16:38:20,208 log 9 137705537136320 Bad Request: /users/api/v1/token/refresh/
WARNING 2026-06-11 16:38:20,216 basehttp 9 137705537136320 "POST /users/api/v1/token/refresh/ HTTP/1.1" 400 39
WARNING 2026-06-11 16:38:21,191 log 9 137705537136320 Unauthorized: /users/api/v1/me/
WARNING 2026-06-11 16:38:21,197 basehttp 9 137705537136320 "GET /users/api/v1/me/ HTTP/1.1" 401 58
WARNING 2026-06-11 16:38:21,288 log 9 137705537136320 Bad Request: /users/api/v1/token/refresh/
WARNING 2026-06-11 16:38:21,295 basehttp 9 137705537136320 "POST /users/api/v1/token/refresh/ HTTP/1.1" 400 39
WARNING 2026-06-11 16:38:22,293 log 9 137705537136320 Unauthorized: /users/api/v1/me/
WARNING 2026-06-11 16:38:22,303 basehttp 9 137705537136320 "GET /users/api/v1/me/ HTTP/1.1" 401 58
WARNING 2026-06-11 16:38:22,398 log 9 137705537136320 Bad Request: /users/api/v1/token/refresh/
WARNING 2026-06-11 16:38:22,405 basehttp 9 137705537136320 "POST /users/api/v1/token/refresh/ HTTP/1.1" 400 39
WARNING 2026-06-11 16:38:23,728 log 9 137705537136320 Unauthorized: /users/api/v1/me/
WARNING 2026-06-11 16:38:23,733 basehttp 9 137705537136320 "GET /users/api/v1/me/ HTTP/1.1" 401 58
WARNING 2026-06-11 16:38:23,845 log 9 137705537136320 Bad Request: /users/api/v1/token/refresh/
WARNING 2026-06-11 16:38:23,859 basehttp 9 137705537136320 "POST /users/api/v1/token/refresh/ HTTP/1.1" 400 39
WARNING 2026-06-11 16:38:24,058 log 9 137705537136320 Unauthorized: /users/api/v1/me/
WARNING 2026-06-11 16:38:24,064 basehttp 9 137705537136320 "GET /users/api/v1/me/ HTTP/1.1" 401 58
WARNING 2026-06-11 16:38:25,107 log 9 137705537136320 Unauthorized: /users/api/v1/me/
WARNING 2026-06-11 16:38:25,113 basehttp 9 137705537136320 "GET /users/api/v1/me/ HTTP/1.1" 401 58
WARNING 2026-06-11 16:38:25,217 log 9 137705537136320 Bad Request: /users/api/v1/token/refresh/
WARNING 2026-06-11 16:38:25,228 basehttp 9 137705537136320 "POST /users/api/v1/token/refresh/ HTTP/1.1" 400 39
WARNING 2026-06-11 16:38:26,520 log 9 137705537136320 Unauthorized: /users/api/v1/me/
WARNING 2026-06-11 16:38:26,533 basehttp 9 137705537136320 "GET /users/api/v1/me/ HTTP/1.1" 401 58
WARNING 2026-06-11 16:38:26,648 log 9 137705537136320 Bad Request: /users/api/v1/token/refresh/
WARNING 2026-06-11 16:38:26,658 basehttp 9 137705537136320 "POST /users/api/v1/token/refresh/ HTTP/1.1" 400 39
WARNING 2026-06-11 16:38:27,755 log 9 137705537136320 Unauthorized: /users/api/v1/me/
WARNING 2026-06-11 16:38:27,760 basehttp 9 137705537136320 "GET /users/api/v1/me/ HTTP/1.1" 401 58
WARNING 2026-06-11 16:38:27,854 log 9 137705537136320 Bad Request: /users/api/v1/token/refresh/
WARNING 2026-06-11 16:38:27,869 basehttp 9 137705537136320 "POST /users/api/v1/token/refresh/ HTTP/1.1" 400 39
WARNING 2026-06-11 16:38:28,841 log 9 137705537136320 Unauthorized: /users/api/v1/me/
WARNING 2026-06-11 16:38:28,852 basehttp 9 137705537136320 "GET /users/api/v1/me/ HTTP/1.1" 401 58
WARNING 2026-06-11 16:38:28,952 log 9 137705537136320 Bad Request: /users/api/v1/token/refresh/
WARNING 2026-06-11 16:38:28,965 basehttp 9 137705537136320 "POST /users/api/v1/token/refresh/ HTTP/1.1" 400 39
WARNING 2026-06-11 16:38:30,109 log 9 137705537136320 Unauthorized: /users/api/v1/me/
WARNING 2026-06-11 16:38:30,115 basehttp 9 137705537136320 "GET /users/api/v1/me/ HTTP/1.1" 401 58
WARNING 2026-06-11 16:38:30,206 log 9 137705537136320 Bad Request: /users/api/v1/token/refresh/
WARNING 2026-06-11 16:38:30,231 basehttp 9 137705537136320 "POST /users/api/v1/token/refresh/ HTTP/1.1" 400 39
WARNING 2026-06-11 16:38:30,627 log 9 137705537136320 Unauthorized: /users/api/v1/me/
WARNING 2026-06-11 16:38:30,633 basehttp 9 137705537136320 "GET /users/api/v1/me/ HTTP/1.1" 401 58
WARNING 2026-06-11 16:38:30,688 log 9 137705537136320 Bad Request: /users/api/v1/token/refresh/
WARNING 2026-06-11 16:38:30,697 basehttp 9 137705537136320 "POST /users/api/v1/token/refresh/ HTTP/1.1" 400 39
WARNING 2026-06-11 16:38:31,661 log 9 137705537136320 Unauthorized: /users/api/v1/me/
WARNING 2026-06-11 16:38:31,666 basehttp 9 137705537136320 "GET /users/api/v1/me/ HTTP/1.1" 401 58
WARNING 2026-06-11 16:38:31,846 log 9 137705537136320 Bad Request: /users/api/v1/token/refresh/
WARNING 2026-06-11 16:38:31,851 basehttp 9 137705537136320 "POST /users/api/v1/token/refresh/ HTTP/1.1" 400 39
WARNING 2026-06-11 16:38:32,820 log 9 137705537136320 Unauthorized: /users/api/v1/me/
WARNING 2026-06-11 16:38:32,836 basehttp 9 137705537136320 "GET /users/api/v1/me/ HTTP/1.1" 401 58
WARNING 2026-06-11 16:38:32,935 log 9 137705537136320 Bad Request: /users/api/v1/token/refresh/
WARNING 2026-06-11 16:38:32,950 basehttp 9 137705537136320 "POST /users/api/v1/token/refresh/ HTTP/1.1" 400 39
WARNING 2026-06-11 16:38:33,431 log 9 137705537136320 Unauthorized: /users/api/v1/me/
WARNING 2026-06-11 16:38:33,438 basehttp 9 137705537136320 "GET /users/api/v1/me/ HTTP/1.1" 401 58
WARNING 2026-06-11 16:38:33,490 log 9 137705537136320 Bad Request: /users/api/v1/token/refresh/
WARNING 2026-06-11 16:38:33,505 basehttp 9 137705537136320 "POST /users/api/v1/token/refresh/ HTTP/1.1" 400 39
WARNING 2026-06-11 16:38:34,942 log 9 137705537136320 Unauthorized: /users/api/v1/me/
WARNING 2026-06-11 16:38:34,948 basehttp 9 137705537136320 "GET /users/api/v1/me/ HTTP/1.1" 401 58
WARNING 2026-06-11 16:38:35,047 log 9 137705537136320 Bad Request: /users/api/v1/token/refresh/
WARNING 2026-06-11 16:38:35,058 basehttp 9 137705537136320 "POST /users/api/v1/token/refresh/ HTTP/1.1" 400 39
WARNING 2026-06-11 16:38:35,339 log 9 137705537136320 Unauthorized: /users/api/v1/me/
WARNING 2026-06-11 16:38:35,345 basehttp 9 137705537136320 "GET /users/api/v1/me/ HTTP/1.1" 401 58
WARNING 2026-06-11 16:38:35,397 log 9 137705537136320 Bad Request: /users/api/v1/token/refresh/
WARNING 2026-06-11 16:38:35,410 basehttp 9 137705537136320 "POST /users/api/v1/token/refresh/ HTTP/1.1" 400 39
WARNING 2026-06-11 16:38:36,881 log 9 137705537136320 Unauthorized: /users/api/v1/me/
WARNING 2026-06-11 16:38:36,885 basehttp 9 137705537136320 "GET /users/api/v1/me/ HTTP/1.1" 401 58
WARNING 2026-06-11 16:38:36,990 log 9 137705537136320 Bad Request: /users/api/v1/token/refresh/
WARNING 2026-06-11 16:38:36,996 basehttp 9 137705537136320 "POST /users/api/v1/token/refresh/ HTTP/1.1" 400 39
WARNING 2026-06-11 16:38:38,076 log 9 137705537136320 Unauthorized: /users/api/v1/me/
WARNING 2026-06-11 16:38:38,082 basehttp 9 137705537136320 "GET /users/api/v1/me/ HTTP/1.1" 401 58
WARNING 2026-06-11 16:38:38,187 log 9 137705537136320 Bad Request: /users/api/v1/token/refresh/
WARNING 2026-06-11 16:38:38,193 basehttp 9 137705537136320 "POST /users/api/v1/token/refresh/ HTTP/1.1" 400 39
WARNING 2026-06-11 16:38:42,012 log 9 137705537136320 Unauthorized: /users/api/v1/me/
WARNING 2026-06-11 16:38:42,016 basehttp 9 137705537136320 "GET /users/api/v1/me/ HTTP/1.1" 401 58
WARNING 2026-06-11 16:38:42,327 log 9 137705537136320 Bad Request: /users/api/v1/token/refresh/
WARNING 2026-06-11 16:38:42,331 basehttp 9 137705537136320 "POST /users/api/v1/token/refresh/ HTTP/1.1" 400 39
WARNING 2026-06-11 16:38:42,460 log 9 137705537136320 Unauthorized: /users/api/v1/me/
WARNING 2026-06-11 16:38:42,484 basehttp 9 137705537136320 "GET /users/api/v1/me/ HTTP/1.1" 401 58
WARNING 2026-06-11 16:38:50,348 log 9 137705537136320 Unauthorized: /users/api/v1/me/
WARNING 2026-06-11 16:38:50,353 basehttp 9 137705537136320 "GET /users/api/v1/me/ HTTP/1.1" 401 58
WARNING 2026-06-11 16:38:50,790 log 9 137705537136320 Bad Request: /users/api/v1/token/refresh/
WARNING 2026-06-11 16:38:50,794 basehttp 9 137705537136320 "POST /users/api/v1/token/refresh/ HTTP/1.1" 400 39
WARNING 2026-06-11 16:38:50,811 log 9 137705537136320 Unauthorized: /users/api/v1/me/
WARNING 2026-06-11 16:38:50,815 basehttp 9 137705537136320 "GET /users/api/v1/me/ HTTP/1.1" 401 58
WARNING 2026-06-11 16:38:53,454 log 9 137705537136320 Unauthorized: /users/api/v1/me/
WARNING 2026-06-11 16:38:53,473 basehttp 9 137705537136320 "GET /users/api/v1/me/ HTTP/1.1" 401 58
WARNING 2026-06-11 16:38:53,734 log 9 137705537136320 Unauthorized: /users/api/v1/me/
WARNING 2026-06-11 16:38:53,750 log 9 137705528743616 Bad Request: /users/api/v1/token/refresh/
WARNING 2026-06-11 16:38:53,752 basehttp 9 137705537136320 "GET /users/api/v1/me/ HTTP/1.1" 401 58
WARNING 2026-06-11 16:38:53,773 basehttp 9 137705528743616 "POST /users/api/v1/token/refresh/ HTTP/1.1" 400 39
WARNING 2026-06-11 16:38:54,806 log 9 137705537136320 Unauthorized: /users/api/v1/me/
WARNING 2026-06-11 16:38:54,814 basehttp 9 137705537136320 "GET /users/api/v1/me/ HTTP/1.1" 401 58
WARNING 2026-06-11 16:38:54,902 log 9 137705537136320 Bad Request: /users/api/v1/token/refresh/
WARNING 2026-06-11 16:38:54,911 basehttp 9 137705537136320 "POST /users/api/v1/token/refresh/ HTTP/1.1" 400 39
WARNING 2026-06-11 16:38:56,028 log 9 137705537136320 Unauthorized: /users/api/v1/me/
WARNING 2026-06-11 16:38:56,041 basehttp 9 137705537136320 "GET /users/api/v1/me/ HTTP/1.1" 401 58
WARNING 2026-06-11 16:38:56,157 log 9 137705537136320 Bad Request: /users/api/v1/token/refresh/
WARNING 2026-06-11 16:38:56,166 basehttp 9 137705537136320 "POST /users/api/v1/token/refresh/ HTTP/1.1" 400 39
WARNING 2026-06-11 16:38:57,209 log 9 137705537136320 Unauthorized: /users/api/v1/me/
WARNING 2026-06-11 16:38:57,213 basehttp 9 137705537136320 "GET /users/api/v1/me/ HTTP/1.1" 401 58
WARNING 2026-06-11 16:38:57,306 log 9 137705537136320 Bad Request: /users/api/v1/token/refresh/
WARNING 2026-06-11 16:38:57,312 basehttp 9 137705537136320 "POST /users/api/v1/token/refresh/ HTTP/1.1" 400 39
WARNING 2026-06-11 16:39:00,740 log 9 137705537136320 Unauthorized: /users/api/v1/me/
WARNING 2026-06-11 16:39:00,749 basehttp 9 137705537136320 "GET /users/api/v1/me/ HTTP/1.1" 401 58
WARNING 2026-06-11 16:39:01,239 log 9 137705537136320 Bad Request: /users/api/v1/token/refresh/
WARNING 2026-06-11 16:39:01,249 basehttp 9 137705537136320 "POST /users/api/v1/token/refresh/ HTTP/1.1" 400 39
WARNING 2026-06-11 16:39:01,333 log 9 137705537136320 Unauthorized: /users/api/v1/me/
WARNING 2026-06-11 16:39:01,346 basehttp 9 137705537136320 "GET /users/api/v1/me/ HTTP/1.1" 401 58
WARNING 2026-06-11 16:39:03,223 log 9 137705528743616 Unauthorized: /users/api/v1/me/
WARNING 2026-06-11 16:39:03,232 basehttp 9 137705528743616 "GET /users/api/v1/me/ HTTP/1.1" 401 58
WARNING 2026-06-11 16:39:03,430 log 9 137705528743616 Bad Request: /users/api/v1/token/refresh/
WARNING 2026-06-11 16:39:03,450 basehttp 9 137705528743616 "POST /users/api/v1/token/refresh/ HTTP/1.1" 400 39
WARNING 2026-06-11 16:39:05,748 log 9 137705528743616 Unauthorized: /users/api/v1/me/
WARNING 2026-06-11 16:39:05,768 basehttp 9 137705528743616 "GET /users/api/v1/me/ HTTP/1.1" 401 58
WARNING 2026-06-11 16:39:05,920 log 9 137705528743616 Bad Request: /users/api/v1/token/refresh/
WARNING 2026-06-11 16:39:05,933 basehttp 9 137705528743616 "POST /users/api/v1/token/refresh/ HTTP/1.1" 400 39
WARNING 2026-06-11 16:39:06,156 log 9 137705528743616 Unauthorized: /users/api/v1/me/
WARNING 2026-06-11 16:39:06,170 basehttp 9 137705528743616 "GET /users/api/v1/me/ HTTP/1.1" 401 58
WARNING 2026-06-11 16:39:06,610 log 9 137705528743616 Bad Request: /users/api/v1/token/refresh/
WARNING 2026-06-11 16:39:06,628 basehttp 9 137705528743616 "POST /users/api/v1/token/refresh/ HTTP/1.1" 400 39
WARNING 2026-06-11 16:39:08,954 log 9 137705528743616 Unauthorized: /users/api/v1/me/
WARNING 2026-06-11 16:39:08,964 basehttp 9 137705528743616 "GET /users/api/v1/me/ HTTP/1.1" 401 58
WARNING 2026-06-11 16:39:09,135 log 9 137705528743616 Bad Request: /users/api/v1/token/refresh/
WARNING 2026-06-11 16:39:09,147 basehttp 9 137705528743616 "POST /users/api/v1/token/refresh/ HTTP/1.1" 400 39
WARNING 2026-06-11 16:39:10,491 log 9 137705528743616 Unauthorized: /users/api/v1/me/
WARNING 2026-06-11 16:39:10,498 basehttp 9 137705528743616 "GET /users/api/v1/me/ HTTP/1.1" 401 58
WARNING 2026-06-11 16:39:10,651 log 9 137705528743616 Bad Request: /users/api/v1/token/refresh/
WARNING 2026-06-11 16:39:10,659 basehttp 9 137705528743616 "POST /users/api/v1/token/refresh/ HTTP/1.1" 400 39
WARNING 2026-06-11 16:39:11,659 log 9 137705528743616 Unauthorized: /users/api/v1/me/
WARNING 2026-06-11 16:39:11,666 basehttp 9 137705528743616 "GET /users/api/v1/me/ HTTP/1.1" 401 58
WARNING 2026-06-11 16:39:11,759 log 9 137705528743616 Bad Request: /users/api/v1/token/refresh/
WARNING 2026-06-11 16:39:11,765 basehttp 9 137705528743616 "POST /users/api/v1/token/refresh/ HTTP/1.1" 400 39
WARNING 2026-06-11 16:39:13,439 log 9 137705528743616 Unauthorized: /users/api/v1/me/
WARNING 2026-06-11 16:39:13,472 basehttp 9 137705528743616 "GET /users/api/v1/me/ HTTP/1.1" 401 58
WARNING 2026-06-11 16:39:13,619 log 9 137705528743616 Bad Request: /users/api/v1/token/refresh/
WARNING 2026-06-11 16:39:13,642 basehttp 9 137705528743616 "POST /users/api/v1/token/refresh/ HTTP/1.1" 400 39
WARNING 2026-06-11 16:39:13,803 log 9 137705528743616 Unauthorized: /users/api/v1/me/
WARNING 2026-06-11 16:39:13,819 basehttp 9 137705528743616 "GET /users/api/v1/me/ HTTP/1.1" 401 58
WARNING 2026-06-11 16:39:13,901 log 9 137705528743616 Bad Request: /users/api/v1/token/refresh/
WARNING 2026-06-11 16:39:13,906 basehttp 9 137705528743616 "POST /users/api/v1/token/refresh/ HTTP/1.1" 400 39
WARNING 2026-06-11 16:39:17,021 log 9 137705528743616 Unauthorized: /users/api/v1/me/
WARNING 2026-06-11 16:39:17,028 basehttp 9 137705528743616 "GET /users/api/v1/me/ HTTP/1.1" 401 58
WARNING 2026-06-11 16:39:17,123 log 9 137705528743616 Bad Request: /users/api/v1/token/refresh/
WARNING 2026-06-11 16:39:17,131 basehttp 9 137705528743616 "POST /users/api/v1/token/refresh/ HTTP/1.1" 400 39
WARNING 2026-06-11 16:39:18,501 log 9 137705528743616 Unauthorized: /users/api/v1/me/
WARNING 2026-06-11 16:39:18,505 basehttp 9 137705528743616 "GET /users/api/v1/me/ HTTP/1.1" 401 58
WARNING 2026-06-11 16:39:18,628 log 9 137705528743616 Bad Request: /users/api/v1/token/refresh/
WARNING 2026-06-11 16:39:18,633 basehttp 9 137705528743616 "POST /users/api/v1/token/refresh/ HTTP/1.1" 400 39
WARNING 2026-06-11 16:39:18,865 log 9 137705528743616 Unauthorized: /users/api/v1/me/
WARNING 2026-06-11 16:39:18,875 basehttp 9 137705528743616 "GET /users/api/v1/me/ HTTP/1.1" 401 58
WARNING 2026-06-11 16:39:18,930 log 9 137705528743616 Bad Request: /users/api/v1/token/refresh/
WARNING 2026-06-11 16:39:18,940 basehttp 9 137705528743616 "POST /users/api/v1/token/refresh/ HTTP/1.1" 400 39
WARNING 2026-06-11 16:39:19,657 log 9 137705528743616 Unauthorized: /users/api/v1/me/
WARNING 2026-06-11 16:39:19,670 basehttp 9 137705528743616 "GET /users/api/v1/me/ HTTP/1.1" 401 58
WARNING 2026-06-11 16:39:19,784 log 9 137705528743616 Bad Request: /users/api/v1/token/refresh/
WARNING 2026-06-11 16:39:19,789 basehttp 9 137705528743616 "POST /users/api/v1/token/refresh/ HTTP/1.1" 400 39
WARNING 2026-06-11 16:39:21,058 log 9 137705528743616 Unauthorized: /users/api/v1/me/
WARNING 2026-06-11 16:39:21,066 basehttp 9 137705528743616 "GET /users/api/v1/me/ HTTP/1.1" 401 58
WARNING 2026-06-11 16:39:21,154 log 9 137705528743616 Too Many Requests: /users/api/v1/token/refresh/
WARNING 2026-06-11 16:39:21,159 basehttp 9 137705528743616 "POST /users/api/v1/token/refresh/ HTTP/1.1" 429 71
WARNING 2026-06-11 16:39:22,231 log 9 137705528743616 Unauthorized: /users/api/v1/me/
WARNING 2026-06-11 16:39:22,246 basehttp 9 137705528743616 "GET /users/api/v1/me/ HTTP/1.1" 401 58
WARNING 2026-06-11 16:39:22,351 log 9 137705528743616 Too Many Requests: /users/api/v1/token/refresh/
WARNING 2026-06-11 16:39:22,357 basehttp 9 137705528743616 "POST /users/api/v1/token/refresh/ HTTP/1.1" 429 71
WARNING 2026-06-11 16:39:25,407 log 9 137705528743616 Unauthorized: /users/api/v1/me/
WARNING 2026-06-11 16:39:25,420 basehttp 9 137705528743616 "GET /users/api/v1/me/ HTTP/1.1" 401 58
WARNING 2026-06-11 16:39:25,510 log 9 137705528743616 Too Many Requests: /users/api/v1/token/refresh/
WARNING 2026-06-11 16:39:25,518 basehttp 9 137705528743616 "POST /users/api/v1/token/refresh/ HTTP/1.1" 429 71
WARNING 2026-06-11 16:39:27,105 log 9 137705528743616 Unauthorized: /users/api/v1/me/
WARNING 2026-06-11 16:39:27,111 basehttp 9 137705528743616 "GET /users/api/v1/me/ HTTP/1.1" 401 58
WARNING 2026-06-11 16:39:27,227 log 9 137705528743616 Too Many Requests: /users/api/v1/token/refresh/
WARNING 2026-06-11 16:39:27,233 basehttp 9 137705528743616 "POST /users/api/v1/token/refresh/ HTTP/1.1" 429 71
WARNING 2026-06-11 16:39:28,427 log 9 137705528743616 Unauthorized: /users/api/v1/me/
WARNING 2026-06-11 16:39:28,439 basehttp 9 137705528743616 "GET /users/api/v1/me/ HTTP/1.1" 401 58
WARNING 2026-06-11 16:39:28,533 log 9 137705528743616 Too Many Requests: /users/api/v1/token/refresh/
WARNING 2026-06-11 16:39:28,540 basehttp 9 137705528743616 "POST /users/api/v1/token/refresh/ HTTP/1.1" 429 71
WARNING 2026-06-11 16:39:29,551 log 9 137705528743616 Unauthorized: /users/api/v1/me/
WARNING 2026-06-11 16:39:29,556 basehttp 9 137705528743616 "GET /users/api/v1/me/ HTTP/1.1" 401 58
WARNING 2026-06-11 16:39:29,644 log 9 137705528743616 Too Many Requests: /users/api/v1/token/refresh/
WARNING 2026-06-11 16:39:29,654 basehttp 9 137705528743616 "POST /users/api/v1/token/refresh/ HTTP/1.1" 429 71
WARNING 2026-06-11 16:39:30,833 log 9 137705528743616 Unauthorized: /users/api/v1/me/
WARNING 2026-06-11 16:39:30,840 basehttp 9 137705528743616 "GET /users/api/v1/me/ HTTP/1.1" 401 58
WARNING 2026-06-11 16:39:30,946 log 9 137705528743616 Too Many Requests: /users/api/v1/token/refresh/
WARNING 2026-06-11 16:39:30,948 basehttp 9 137705528743616 "POST /users/api/v1/token/refresh/ HTTP/1.1" 429 71
WARNING 2026-06-11 16:39:32,046 log 9 137705528743616 Unauthorized: /users/api/v1/me/
WARNING 2026-06-11 16:39:32,057 basehttp 9 137705528743616 "GET /users/api/v1/me/ HTTP/1.1" 401 58
WARNING 2026-06-11 16:39:32,169 log 9 137705528743616 Too Many Requests: /users/api/v1/token/refresh/
WARNING 2026-06-11 16:39:32,172 basehttp 9 137705528743616 "POST /users/api/v1/token/refresh/ HTTP/1.1" 429 71
WARNING 2026-06-11 16:40:01,257 log 9 137705528743616 Unauthorized: /users/api/v1/me/
WARNING 2026-06-11 16:40:01,270 basehttp 9 137705528743616 "GET /users/api/v1/me/ HTTP/1.1" 401 58
WARNING 2026-06-11 16:40:01,351 log 9 137705528743616 Too Many Requests: /users/api/v1/token/refresh/
WARNING 2026-06-11 16:40:01,357 basehttp 9 137705528743616 "POST /users/api/v1/token/refresh/ HTTP/1.1" 429 71
WARNING 2026-06-11 16:40:05,638 log 9 137705528743616 Unauthorized: /users/api/v1/me/
WARNING 2026-06-11 16:40:05,694 basehttp 9 137705528743616 "GET /users/api/v1/me/ HTTP/1.1" 401 58
WARNING 2026-06-11 16:40:05,842 log 9 137705528743616 Too Many Requests: /users/api/v1/token/refresh/
WARNING 2026-06-11 16:40:05,876 log 9 137705537136320 Unauthorized: /users/api/v1/me/
WARNING 2026-06-11 16:40:05,889 basehttp 9 137705528743616 "POST /users/api/v1/token/refresh/ HTTP/1.1" 429 71
WARNING 2026-06-11 16:40:05,897 basehttp 9 137705537136320 "GET /users/api/v1/me/ HTTP/1.1" 401 58
WARNING 2026-06-11 16:40:18,360 log 9 137705528743616 Unauthorized: /users/api/v1/me/
WARNING 2026-06-11 16:40:18,369 basehttp 9 137705528743616 "GET /users/api/v1/me/ HTTP/1.1" 401 58
WARNING 2026-06-11 16:40:18,443 log 9 137705528743616 Too Many Requests: /users/api/v1/token/refresh/
WARNING 2026-06-11 16:40:18,459 basehttp 9 137705528743616 "POST /users/api/v1/token/refresh/ HTTP/1.1" 429 71
WARNING 2026-06-11 16:40:18,847 log 9 137705528743616 Unauthorized: /users/api/v1/me/
WARNING 2026-06-11 16:40:18,856 basehttp 9 137705528743616 "GET /users/api/v1/me/ HTTP/1.1" 401 58
WARNING 2026-06-11 16:40:20,968 log 9 137705537136320 Unauthorized: /users/api/v1/me/
WARNING 2026-06-11 16:40:20,981 basehttp 9 137705537136320 "GET /users/api/v1/me/ HTTP/1.1" 401 58
WARNING 2026-06-11 16:40:21,109 log 9 137705537136320 Too Many Requests: /users/api/v1/token/refresh/
WARNING 2026-06-11 16:40:21,117 basehttp 9 137705537136320 "POST /users/api/v1/token/refresh/ HTTP/1.1" 429 71
WARNING 2026-06-11 16:40:21,392 log 9 137705537136320 Unauthorized: /users/api/v1/me/
WARNING 2026-06-11 16:40:21,402 basehttp 9 137705537136320 "GET /users/api/v1/me/ HTTP/1.1" 401 58
WARNING 2026-06-11 16:40:21,478 log 9 137705537136320 Too Many Requests: /users/api/v1/token/refresh/
WARNING 2026-06-11 16:40:21,501 basehttp 9 137705537136320 "POST /users/api/v1/token/refresh/ HTTP/1.1" 429 71
WARNING 2026-06-11 16:40:23,182 log 9 137705537136320 Unauthorized: /users/api/v1/me/
WARNING 2026-06-11 16:40:23,190 basehttp 9 137705537136320 "GET /users/api/v1/me/ HTTP/1.1" 401 58
WARNING 2026-06-11 16:40:23,335 log 9 137705537136320 Too Many Requests: /users/api/v1/token/refresh/
WARNING 2026-06-11 16:40:23,373 basehttp 9 137705537136320 "POST /users/api/v1/token/refresh/ HTTP/1.1" 429 71
WARNING 2026-06-11 16:40:23,595 log 9 137705537136320 Unauthorized: /users/api/v1/me/
WARNING 2026-06-11 16:40:23,632 basehttp 9 137705537136320 "GET /users/api/v1/me/ HTTP/1.1" 401 58
WARNING 2026-06-11 16:40:23,691 log 9 137705537136320 Too Many Requests: /users/api/v1/token/refresh/
WARNING 2026-06-11 16:40:23,725 basehttp 9 137705537136320 "POST /users/api/v1/token/refresh/ HTTP/1.1" 429 71
WARNING 2026-06-11 16:40:24,975 log 9 137705537136320 Unauthorized: /users/api/v1/me/
WARNING 2026-06-11 16:40:24,995 basehttp 9 137705537136320 "GET /users/api/v1/me/ HTTP/1.1" 401 58
WARNING 2026-06-11 16:40:25,123 log 9 137705537136320 Too Many Requests: /users/api/v1/token/refresh/
WARNING 2026-06-11 16:40:25,132 basehttp 9 137705537136320 "POST /users/api/v1/token/refresh/ HTTP/1.1" 429 71
WARNING 2026-06-11 16:40:26,450 log 9 137705537136320 Unauthorized: /users/api/v1/me/
WARNING 2026-06-11 16:40:26,457 basehttp 9 137705537136320 "GET /users/api/v1/me/ HTTP/1.1" 401 58
WARNING 2026-06-11 16:40:26,561 log 9 137705537136320 Too Many Requests: /users/api/v1/token/refresh/
WARNING 2026-06-11 16:40:26,568 basehttp 9 137705537136320 "POST /users/api/v1/token/refresh/ HTTP/1.1" 429 71
WARNING 2026-06-11 16:40:26,982 log 9 137705537136320 Unauthorized: /users/api/v1/me/
WARNING 2026-06-11 16:40:26,998 basehttp 9 137705537136320 "GET /users/api/v1/me/ HTTP/1.1" 401 58
WARNING 2026-06-11 16:40:28,660 log 9 137705537136320 Unauthorized: /users/api/v1/me/
WARNING 2026-06-11 16:40:28,665 basehttp 9 137705537136320 "GET /users/api/v1/me/ HTTP/1.1" 401 58
WARNING 2026-06-11 16:40:28,800 log 9 137705537136320 Too Many Requests: /users/api/v1/token/refresh/
WARNING 2026-06-11 16:40:28,806 basehttp 9 137705537136320 "POST /users/api/v1/token/refresh/ HTTP/1.1" 429 71
WARNING 2026-06-11 16:40:29,974 log 9 137705537136320 Unauthorized: /users/api/v1/me/
WARNING 2026-06-11 16:40:29,989 basehttp 9 137705537136320 "GET /users/api/v1/me/ HTTP/1.1" 401 58
WARNING 2026-06-11 16:40:30,112 log 9 137705537136320 Too Many Requests: /users/api/v1/token/refresh/
WARNING 2026-06-11 16:40:30,118 basehttp 9 137705537136320 "POST /users/api/v1/token/refresh/ HTTP/1.1" 429 71
WARNING 2026-06-11 16:40:31,006 log 9 137705537136320 Unauthorized: /users/api/v1/me/
WARNING 2026-06-11 16:40:31,011 basehttp 9 137705537136320 "GET /users/api/v1/me/ HTTP/1.1" 401 58
WARNING 2026-06-11 16:40:31,092 log 9 137705537136320 Too Many Requests: /users/api/v1/token/refresh/
WARNING 2026-06-11 16:40:31,101 basehttp 9 137705537136320 "POST /users/api/v1/token/refresh/ HTTP/1.1" 429 71
WARNING 2026-06-11 16:40:32,192 log 9 137705537136320 Unauthorized: /users/api/v1/me/
WARNING 2026-06-11 16:40:32,199 basehttp 9 137705537136320 "GET /users/api/v1/me/ HTTP/1.1" 401 58
WARNING 2026-06-11 16:40:32,302 log 9 137705537136320 Too Many Requests: /users/api/v1/token/refresh/
WARNING 2026-06-11 16:40:32,308 basehttp 9 137705537136320 "POST /users/api/v1/token/refresh/ HTTP/1.1" 429 71
WARNING 2026-06-11 16:40:32,681 log 9 137705537136320 Unauthorized: /users/api/v1/me/
WARNING 2026-06-11 16:40:32,687 basehttp 9 137705537136320 "GET /users/api/v1/me/ HTTP/1.1" 401 58
WARNING 2026-06-11 16:40:32,754 log 9 137705537136320 Too Many Requests: /users/api/v1/token/refresh/
WARNING 2026-06-11 16:40:32,767 basehttp 9 137705537136320 "POST /users/api/v1/token/refresh/ HTTP/1.1" 429 71
WARNING 2026-06-11 16:40:34,135 log 9 137705537136320 Unauthorized: /users/api/v1/me/
WARNING 2026-06-11 16:40:34,142 basehttp 9 137705537136320 "GET /users/api/v1/me/ HTTP/1.1" 401 58
WARNING 2026-06-11 16:40:34,341 log 9 137705537136320 Too Many Requests: /users/api/v1/token/refresh/
WARNING 2026-06-11 16:40:34,346 basehttp 9 137705537136320 "POST /users/api/v1/token/refresh/ HTTP/1.1" 429 71
WARNING 2026-06-11 16:40:36,052 log 9 137705537136320 Unauthorized: /users/api/v1/me/
WARNING 2026-06-11 16:40:36,060 basehttp 9 137705537136320 "GET /users/api/v1/me/ HTTP/1.1" 401 58
WARNING 2026-06-11 16:40:36,148 log 9 137705537136320 Too Many Requests: /users/api/v1/token/refresh/
WARNING 2026-06-11 16:40:36,153 basehttp 9 137705537136320 "POST /users/api/v1/token/refresh/ HTTP/1.1" 429 71
WARNING 2026-06-11 16:40:37,241 log 9 137705537136320 Unauthorized: /users/api/v1/me/
WARNING 2026-06-11 16:40:37,248 basehttp 9 137705537136320 "GET /users/api/v1/me/ HTTP/1.1" 401 58
WARNING 2026-06-11 16:40:37,322 log 9 137705537136320 Too Many Requests: /users/api/v1/token/refresh/
WARNING 2026-06-11 16:40:37,330 basehttp 9 137705537136320 "POST /users/api/v1/token/refresh/ HTTP/1.1" 429 71
WARNING 2026-06-11 16:40:38,324 log 9 137705537136320 Unauthorized: /users/api/v1/me/
WARNING 2026-06-11 16:40:38,345 basehttp 9 137705537136320 "GET /users/api/v1/me/ HTTP/1.1" 401 58
WARNING 2026-06-11 16:40:38,433 log 9 137705537136320 Too Many Requests: /users/api/v1/token/refresh/
WARNING 2026-06-11 16:40:38,441 basehttp 9 137705537136320 "POST /users/api/v1/token/refresh/ HTTP/1.1" 429 71
WARNING 2026-06-11 16:40:39,308 log 9 137705537136320 Unauthorized: /users/api/v1/me/
WARNING 2026-06-11 16:40:39,312 basehttp 9 137705537136320 "GET /users/api/v1/me/ HTTP/1.1" 401 58
WARNING 2026-06-11 16:40:39,361 log 9 137705537136320 Too Many Requests: /users/api/v1/token/refresh/
WARNING 2026-06-11 16:40:39,366 basehttp 9 137705537136320 "POST /users/api/v1/token/refresh/ HTTP/1.1" 429 71
WARNING 2026-06-11 16:40:40,040 log 9 137705537136320 Unauthorized: /users/api/v1/me/
WARNING 2026-06-11 16:40:40,047 basehttp 9 137705537136320 "GET /users/api/v1/me/ HTTP/1.1" 401 58
WARNING 2026-06-11 16:40:40,124 log 9 137705537136320 Too Many Requests: /users/api/v1/token/refresh/
WARNING 2026-06-11 16:40:40,129 basehttp 9 137705537136320 "POST /users/api/v1/token/refresh/ HTTP/1.1" 429 71
WARNING 2026-06-11 16:40:40,953 log 9 137705537136320 Unauthorized: /users/api/v1/me/
WARNING 2026-06-11 16:40:40,958 basehttp 9 137705537136320 "GET /users/api/v1/me/ HTTP/1.1" 401 58
WARNING 2026-06-11 16:40:41,014 log 9 137705537136320 Too Many Requests: /users/api/v1/token/refresh/
WARNING 2026-06-11 16:40:41,020 basehttp 9 137705537136320 "POST /users/api/v1/token/refresh/ HTTP/1.1" 429 71
WARNING 2026-06-11 16:40:41,628 log 9 137705537136320 Unauthorized: /users/api/v1/me/
WARNING 2026-06-11 16:40:41,637 basehttp 9 137705537136320 "GET /users/api/v1/me/ HTTP/1.1" 401 58
WARNING 2026-06-11 16:40:41,691 log 9 137705537136320 Too Many Requests: /users/api/v1/token/refresh/
WARNING 2026-06-11 16:40:41,697 basehttp 9 137705537136320 "POST /users/api/v1/token/refresh/ HTTP/1.1" 429 71
WARNING 2026-06-11 16:40:42,369 log 9 137705537136320 Unauthorized: /users/api/v1/me/
WARNING 2026-06-11 16:40:42,373 basehttp 9 137705537136320 "GET /users/api/v1/me/ HTTP/1.1" 401 58
WARNING 2026-06-11 16:40:42,435 log 9 137705537136320 Too Many Requests: /users/api/v1/token/refresh/
WARNING 2026-06-11 16:40:42,438 basehttp 9 137705537136320 "POST /users/api/v1/token/refresh/ HTTP/1.1" 429 71
WARNING 2026-06-11 16:40:43,039 log 9 137705537136320 Unauthorized: /users/api/v1/me/
WARNING 2026-06-11 16:40:43,042 basehttp 9 137705537136320 "GET /users/api/v1/me/ HTTP/1.1" 401 58
WARNING 2026-06-11 16:40:43,099 log 9 137705537136320 Too Many Requests: /users/api/v1/token/refresh/
WARNING 2026-06-11 16:40:43,107 basehttp 9 137705537136320 "POST /users/api/v1/token/refresh/ HTTP/1.1" 429 71
WARNING 2026-06-11 16:40:44,251 log 9 137705537136320 Unauthorized: /users/api/v1/me/
WARNING 2026-06-11 16:40:44,254 basehttp 9 137705537136320 "GET /users/api/v1/me/ HTTP/1.1" 401 58
WARNING 2026-06-11 16:40:44,319 log 9 137705537136320 Too Many Requests: /users/api/v1/token/refresh/
WARNING 2026-06-11 16:40:44,324 basehttp 9 137705537136320 "POST /users/api/v1/token/refresh/ HTTP/1.1" 429 71
WARNING 2026-06-11 16:40:44,978 log 9 137705537136320 Unauthorized: /users/api/v1/me/
WARNING 2026-06-11 16:40:44,982 basehttp 9 137705537136320 "GET /users/api/v1/me/ HTTP/1.1" 401 58
WARNING 2026-06-11 16:40:45,067 log 9 137705537136320 Too Many Requests: /users/api/v1/token/refresh/
WARNING 2026-06-11 16:40:45,072 basehttp 9 137705537136320 "POST /users/api/v1/token/refresh/ HTTP/1.1" 429 71
WARNING 2026-06-11 16:40:46,189 log 9 137705537136320 Unauthorized: /users/api/v1/me/
WARNING 2026-06-11 16:40:46,194 basehttp 9 137705537136320 "GET /users/api/v1/me/ HTTP/1.1" 401 58
WARNING 2026-06-11 16:40:46,250 log 9 137705537136320 Too Many Requests: /users/api/v1/token/refresh/
WARNING 2026-06-11 16:40:46,253 basehttp 9 137705537136320 "POST /users/api/v1/token/refresh/ HTTP/1.1" 429 71
WARNING 2026-06-11 16:40:46,924 log 9 137705537136320 Unauthorized: /users/api/v1/me/
WARNING 2026-06-11 16:40:46,933 basehttp 9 137705537136320 "GET /users/api/v1/me/ HTTP/1.1" 401 58
WARNING 2026-06-11 16:40:47,010 log 9 137705537136320 Too Many Requests: /users/api/v1/token/refresh/
WARNING 2026-06-11 16:40:47,015 basehttp 9 137705537136320 "POST /users/api/v1/token/refresh/ HTTP/1.1" 429 71
WARNING 2026-06-11 16:40:47,896 log 9 137705537136320 Unauthorized: /users/api/v1/me/
WARNING 2026-06-11 16:40:47,901 basehttp 9 137705537136320 "GET /users/api/v1/me/ HTTP/1.1" 401 58
WARNING 2026-06-11 16:40:47,973 log 9 137705537136320 Too Many Requests: /users/api/v1/token/refresh/
WARNING 2026-06-11 16:40:47,977 basehttp 9 137705537136320 "POST /users/api/v1/token/refresh/ HTTP/1.1" 429 71
WARNING 2026-06-11 16:40:48,763 log 9 137705537136320 Unauthorized: /users/api/v1/me/
WARNING 2026-06-11 16:40:48,770 basehttp 9 137705537136320 "GET /users/api/v1/me/ HTTP/1.1" 401 58
WARNING 2026-06-11 16:40:48,850 log 9 137705537136320 Too Many Requests: /users/api/v1/token/refresh/
WARNING 2026-06-11 16:40:48,855 basehttp 9 137705537136320 "POST /users/api/v1/token/refresh/ HTTP/1.1" 429 71
WARNING 2026-06-11 16:40:49,596 log 9 137705537136320 Unauthorized: /users/api/v1/me/
WARNING 2026-06-11 16:40:49,600 basehttp 9 137705537136320 "GET /users/api/v1/me/ HTTP/1.1" 401 58
WARNING 2026-06-11 16:40:49,685 log 9 137705537136320 Too Many Requests: /users/api/v1/token/refresh/
WARNING 2026-06-11 16:40:49,690 basehttp 9 137705537136320 "POST /users/api/v1/token/refresh/ HTTP/1.1" 429 71
WARNING 2026-06-11 16:40:50,506 log 9 137705537136320 Unauthorized: /users/api/v1/me/
WARNING 2026-06-11 16:40:50,513 basehttp 9 137705537136320 "GET /users/api/v1/me/ HTTP/1.1" 401 58
WARNING 2026-06-11 16:40:50,593 log 9 137705537136320 Too Many Requests: /users/api/v1/token/refresh/
WARNING 2026-06-11 16:40:50,598 basehttp 9 137705537136320 "POST /users/api/v1/token/refresh/ HTTP/1.1" 429 71
WARNING 2026-06-11 16:40:51,549 log 9 137705537136320 Unauthorized: /users/api/v1/me/
WARNING 2026-06-11 16:40:51,553 basehttp 9 137705537136320 "GET /users/api/v1/me/ HTTP/1.1" 401 58
WARNING 2026-06-11 16:40:51,675 log 9 137705537136320 Too Many Requests: /users/api/v1/token/refresh/
WARNING 2026-06-11 16:40:51,680 basehttp 9 137705537136320 "POST /users/api/v1/token/refresh/ HTTP/1.1" 429 71
WARNING 2026-06-11 16:40:52,646 log 9 137705537136320 Unauthorized: /users/api/v1/me/
WARNING 2026-06-11 16:40:52,652 basehttp 9 137705537136320 "GET /users/api/v1/me/ HTTP/1.1" 401 58
WARNING 2026-06-11 16:40:52,715 log 9 137705537136320 Too Many Requests: /users/api/v1/token/refresh/
WARNING 2026-06-11 16:40:52,722 basehttp 9 137705537136320 "POST /users/api/v1/token/refresh/ HTTP/1.1" 429 71
WARNING 2026-06-11 16:40:53,867 log 9 137705537136320 Unauthorized: /users/api/v1/me/
WARNING 2026-06-11 16:40:53,873 basehttp 9 137705537136320 "GET /users/api/v1/me/ HTTP/1.1" 401 58
WARNING 2026-06-11 16:40:53,957 log 9 137705537136320 Too Many Requests: /users/api/v1/token/refresh/
WARNING 2026-06-11 16:40:53,963 basehttp 9 137705537136320 "POST /users/api/v1/token/refresh/ HTTP/1.1" 429 71
WARNING 2026-06-11 16:40:54,713 log 9 137705537136320 Unauthorized: /users/api/v1/me/
WARNING 2026-06-11 16:40:54,717 basehttp 9 137705537136320 "GET /users/api/v1/me/ HTTP/1.1" 401 58
WARNING 2026-06-11 16:40:54,795 log 9 137705537136320 Too Many Requests: /users/api/v1/token/refresh/
WARNING 2026-06-11 16:40:54,799 basehttp 9 137705537136320 "POST /users/api/v1/token/refresh/ HTTP/1.1" 429 71
WARNING 2026-06-11 16:40:56,585 log 9 137705537136320 Unauthorized: /users/api/v1/me/
WARNING 2026-06-11 16:40:56,594 basehttp 9 137705537136320 "GET /users/api/v1/me/ HTTP/1.1" 401 58
WARNING 2026-06-11 16:40:56,647 log 9 137705537136320 Too Many Requests: /users/api/v1/token/refresh/
WARNING 2026-06-11 16:40:56,652 basehttp 9 137705537136320 "POST /users/api/v1/token/refresh/ HTTP/1.1" 429 71
WARNING 2026-06-11 16:40:58,014 log 9 137705537136320 Unauthorized: /users/api/v1/me/
WARNING 2026-06-11 16:40:58,019 basehttp 9 137705537136320 "GET /users/api/v1/me/ HTTP/1.1" 401 58
WARNING 2026-06-11 16:40:58,139 log 9 137705537136320 Too Many Requests: /users/api/v1/token/refresh/
WARNING 2026-06-11 16:40:58,151 basehttp 9 137705537136320 "POST /users/api/v1/token/refresh/ HTTP/1.1" 429 71
WARNING 2026-06-11 16:40:58,289 log 9 137705537136320 Unauthorized: /users/api/v1/me/
WARNING 2026-06-11 16:40:58,297 basehttp 9 137705537136320 "GET /users/api/v1/me/ HTTP/1.1" 401 58
WARNING 2026-06-11 16:40:58,361 log 9 137705537136320 Too Many Requests: /users/api/v1/token/refresh/
WARNING 2026-06-11 16:40:58,369 basehttp 9 137705537136320 "POST /users/api/v1/token/refresh/ HTTP/1.1" 429 71
WARNING 2026-06-11 16:40:59,355 log 9 137705537136320 Unauthorized: /users/api/v1/me/
WARNING 2026-06-11 16:40:59,378 basehttp 9 137705537136320 "GET /users/api/v1/me/ HTTP/1.1" 401 58
WARNING 2026-06-11 16:40:59,462 log 9 137705537136320 Too Many Requests: /users/api/v1/token/refresh/
WARNING 2026-06-11 16:40:59,474 basehttp 9 137705537136320 "POST /users/api/v1/token/refresh/ HTTP/1.1" 429 71
WARNING 2026-06-11 16:40:59,686 log 9 137705537136320 Unauthorized: /users/api/v1/me/
WARNING 2026-06-11 16:40:59,695 basehttp 9 137705537136320 "GET /users/api/v1/me/ HTTP/1.1" 401 58
WARNING 2026-06-11 16:40:59,737 log 9 137705537136320 Too Many Requests: /users/api/v1/token/refresh/
WARNING 2026-06-11 16:40:59,740 basehttp 9 137705537136320 "POST /users/api/v1/token/refresh/ HTTP/1.1" 429 71
WARNING 2026-06-11 16:41:00,650 log 9 137705537136320 Unauthorized: /users/api/v1/me/
WARNING 2026-06-11 16:41:00,654 basehttp 9 137705537136320 "GET /users/api/v1/me/ HTTP/1.1" 401 58
WARNING 2026-06-11 16:41:01,057 log 9 137705537136320 Unauthorized: /users/api/v1/me/
WARNING 2026-06-11 16:41:01,064 basehttp 9 137705537136320 "GET /users/api/v1/me/ HTTP/1.1" 401 58
WARNING 2026-06-11 16:41:01,148 log 9 137705537136320 Too Many Requests: /users/api/v1/token/refresh/
WARNING 2026-06-11 16:41:01,154 basehttp 9 137705537136320 "POST /users/api/v1/token/refresh/ HTTP/1.1" 429 71
WARNING 2026-06-11 16:41:02,587 log 9 137705537136320 Unauthorized: /users/api/v1/me/
WARNING 2026-06-11 16:41:02,600 basehttp 9 137705537136320 "GET /users/api/v1/me/ HTTP/1.1" 401 58
WARNING 2026-06-11 16:41:02,734 log 9 137705537136320 Too Many Requests: /users/api/v1/token/refresh/
WARNING 2026-06-11 16:41:02,741 basehttp 9 137705537136320 "POST /users/api/v1/token/refresh/ HTTP/1.1" 429 71
WARNING 2026-06-11 16:41:02,760 log 9 137705537136320 Unauthorized: /users/api/v1/me/
WARNING 2026-06-11 16:41:02,769 basehttp 9 137705537136320 "GET /users/api/v1/me/ HTTP/1.1" 401 58
WARNING 2026-06-11 16:41:04,312 log 9 137705537136320 Unauthorized: /users/api/v1/me/
WARNING 2026-06-11 16:41:04,318 basehttp 9 137705537136320 "GET /users/api/v1/me/ HTTP/1.1" 401 58
WARNING 2026-06-11 16:41:04,380 log 9 137705537136320 Too Many Requests: /users/api/v1/token/refresh/
WARNING 2026-06-11 16:41:04,385 basehttp 9 137705537136320 "POST /users/api/v1/token/refresh/ HTTP/1.1" 429 71
WARNING 2026-06-11 16:41:05,279 log 9 137705537136320 Unauthorized: /users/api/v1/me/
WARNING 2026-06-11 16:41:05,284 basehttp 9 137705537136320 "GET /users/api/v1/me/ HTTP/1.1" 401 58
WARNING 2026-06-11 16:41:05,365 log 9 137705537136320 Too Many Requests: /users/api/v1/token/refresh/
WARNING 2026-06-11 16:41:05,370 basehttp 9 137705537136320 "POST /users/api/v1/token/refresh/ HTTP/1.1" 429 71
WARNING 2026-06-11 16:41:06,199 log 9 137705537136320 Unauthorized: /users/api/v1/me/
WARNING 2026-06-11 16:41:06,211 basehttp 9 137705537136320 "GET /users/api/v1/me/ HTTP/1.1" 401 58
WARNING 2026-06-11 16:41:06,270 log 9 137705537136320 Too Many Requests: /users/api/v1/token/refresh/
WARNING 2026-06-11 16:41:06,274 basehttp 9 137705537136320 "POST /users/api/v1/token/refresh/ HTTP/1.1" 429 71
WARNING 2026-06-11 16:41:07,043 log 9 137705537136320 Unauthorized: /users/api/v1/me/
WARNING 2026-06-11 16:41:07,049 basehttp 9 137705537136320 "GET /users/api/v1/me/ HTTP/1.1" 401 58
WARNING 2026-06-11 16:41:07,135 log 9 137705537136320 Too Many Requests: /users/api/v1/token/refresh/
WARNING 2026-06-11 16:41:07,141 basehttp 9 137705537136320 "POST /users/api/v1/token/refresh/ HTTP/1.1" 429 71
WARNING 2026-06-11 16:41:08,112 log 9 137705537136320 Unauthorized: /users/api/v1/me/
WARNING 2026-06-11 16:41:08,120 basehttp 9 137705537136320 "GET /users/api/v1/me/ HTTP/1.1" 401 58
WARNING 2026-06-11 16:41:08,190 log 9 137705537136320 Too Many Requests: /users/api/v1/token/refresh/
WARNING 2026-06-11 16:41:08,195 basehttp 9 137705537136320 "POST /users/api/v1/token/refresh/ HTTP/1.1" 429 71
WARNING 2026-06-11 16:41:08,969 log 9 137705537136320 Unauthorized: /users/api/v1/me/
WARNING 2026-06-11 16:41:08,978 basehttp 9 137705537136320 "GET /users/api/v1/me/ HTTP/1.1" 401 58
WARNING 2026-06-11 16:41:09,057 log 9 137705537136320 Too Many Requests: /users/api/v1/token/refresh/
WARNING 2026-06-11 16:41:09,064 basehttp 9 137705537136320 "POST /users/api/v1/token/refresh/ HTTP/1.1" 429 71
WARNING 2026-06-11 16:41:09,966 log 9 137705537136320 Unauthorized: /users/api/v1/me/
WARNING 2026-06-11 16:41:09,971 basehttp 9 137705537136320 "GET /users/api/v1/me/ HTTP/1.1" 401 58
WARNING 2026-06-11 16:41:10,041 log 9 137705537136320 Too Many Requests: /users/api/v1/token/refresh/
WARNING 2026-06-11 16:41:10,045 basehttp 9 137705537136320 "POST /users/api/v1/token/refresh/ HTTP/1.1" 429 71
WARNING 2026-06-11 16:41:10,885 log 9 137705537136320 Unauthorized: /users/api/v1/me/
WARNING 2026-06-11 16:41:10,888 basehttp 9 137705537136320 "GET /users/api/v1/me/ HTTP/1.1" 401 58
WARNING 2026-06-11 16:41:10,950 log 9 137705537136320 Too Many Requests: /users/api/v1/token/refresh/
WARNING 2026-06-11 16:41:10,954 basehttp 9 137705537136320 "POST /users/api/v1/token/refresh/ HTTP/1.1" 429 71
WARNING 2026-06-11 16:41:11,764 log 9 137705537136320 Unauthorized: /users/api/v1/me/
WARNING 2026-06-11 16:41:11,770 basehttp 9 137705537136320 "GET /users/api/v1/me/ HTTP/1.1" 401 58
WARNING 2026-06-11 16:41:11,816 log 9 137705537136320 Too Many Requests: /users/api/v1/token/refresh/
WARNING 2026-06-11 16:41:11,827 basehttp 9 137705537136320 "POST /users/api/v1/token/refresh/ HTTP/1.1" 429 71
WARNING 2026-06-11 16:41:12,840 log 9 137705537136320 Unauthorized: /users/api/v1/me/
WARNING 2026-06-11 16:41:12,847 basehttp 9 137705537136320 "GET /users/api/v1/me/ HTTP/1.1" 401 58
WARNING 2026-06-11 16:41:12,922 log 9 137705537136320 Too Many Requests: /users/api/v1/token/refresh/
WARNING 2026-06-11 16:41:12,927 basehttp 9 137705537136320 "POST /users/api/v1/token/refresh/ HTTP/1.1" 429 71
WARNING 2026-06-11 16:41:13,803 log 9 137705537136320 Unauthorized: /users/api/v1/me/
WARNING 2026-06-11 16:41:13,807 basehttp 9 137705537136320 "GET /users/api/v1/me/ HTTP/1.1" 401 58
WARNING 2026-06-11 16:41:15,119 log 9 137705537136320 Unauthorized: /users/api/v1/me/
WARNING 2026-06-11 16:41:15,130 basehttp 9 137705537136320 "GET /users/api/v1/me/ HTTP/1.1" 401 58
WARNING 2026-06-11 16:41:15,232 log 9 137705537136320 Too Many Requests: /users/api/v1/token/refresh/
WARNING 2026-06-11 16:41:15,238 basehttp 9 137705537136320 "POST /users/api/v1/token/refresh/ HTTP/1.1" 429 71
WARNING 2026-06-11 16:41:16,206 log 9 137705537136320 Unauthorized: /users/api/v1/me/
WARNING 2026-06-11 16:41:16,208 basehttp 9 137705537136320 "GET /users/api/v1/me/ HTTP/1.1" 401 58
WARNING 2026-06-11 16:41:16,269 log 9 137705537136320 Too Many Requests: /users/api/v1/token/refresh/
WARNING 2026-06-11 16:41:16,281 basehttp 9 137705537136320 "POST /users/api/v1/token/refresh/ HTTP/1.1" 429 71
WARNING 2026-06-11 16:41:17,211 log 9 137705537136320 Unauthorized: /users/api/v1/me/
WARNING 2026-06-11 16:41:17,215 basehttp 9 137705537136320 "GET /users/api/v1/me/ HTTP/1.1" 401 58
WARNING 2026-06-11 16:41:17,268 log 9 137705537136320 Too Many Requests: /users/api/v1/token/refresh/
WARNING 2026-06-11 16:41:17,273 basehttp 9 137705537136320 "POST /users/api/v1/token/refresh/ HTTP/1.1" 429 71
WARNING 2026-06-11 16:41:17,978 log 9 137705537136320 Unauthorized: /users/api/v1/me/
WARNING 2026-06-11 16:41:17,982 basehttp 9 137705537136320 "GET /users/api/v1/me/ HTTP/1.1" 401 58
WARNING 2026-06-11 16:41:18,034 log 9 137705537136320 Too Many Requests: /users/api/v1/token/refresh/
WARNING 2026-06-11 16:41:18,039 basehttp 9 137705537136320 "POST /users/api/v1/token/refresh/ HTTP/1.1" 429 71
WARNING 2026-06-11 16:41:18,809 log 9 137705537136320 Unauthorized: /users/api/v1/me/
WARNING 2026-06-11 16:41:18,813 basehttp 9 137705537136320 "GET /users/api/v1/me/ HTTP/1.1" 401 58
WARNING 2026-06-11 16:41:18,889 log 9 137705537136320 Too Many Requests: /users/api/v1/token/refresh/
WARNING 2026-06-11 16:41:18,899 basehttp 9 137705537136320 "POST /users/api/v1/token/refresh/ HTTP/1.1" 429 71
WARNING 2026-06-11 16:41:19,699 log 9 137705537136320 Unauthorized: /users/api/v1/me/
WARNING 2026-06-11 16:41:19,703 basehttp 9 137705537136320 "GET /users/api/v1/me/ HTTP/1.1" 401 58
WARNING 2026-06-11 16:41:19,778 log 9 137705537136320 Too Many Requests: /users/api/v1/token/refresh/
WARNING 2026-06-11 16:41:19,782 basehttp 9 137705537136320 "POST /users/api/v1/token/refresh/ HTTP/1.1" 429 71
WARNING 2026-06-11 16:41:20,625 log 9 137705537136320 Unauthorized: /users/api/v1/me/
WARNING 2026-06-11 16:41:20,636 basehttp 9 137705537136320 "GET /users/api/v1/me/ HTTP/1.1" 401 58
WARNING 2026-06-11 16:41:20,714 log 9 137705537136320 Too Many Requests: /users/api/v1/token/refresh/
WARNING 2026-06-11 16:41:20,720 basehttp 9 137705537136320 "POST /users/api/v1/token/refresh/ HTTP/1.1" 429 71
WARNING 2026-06-11 16:41:21,963 log 9 137705537136320 Unauthorized: /users/api/v1/me/
WARNING 2026-06-11 16:41:21,968 basehttp 9 137705537136320 "GET /users/api/v1/me/ HTTP/1.1" 401 58
WARNING 2026-06-11 16:41:22,091 log 9 137705537136320 Too Many Requests: /users/api/v1/token/refresh/
WARNING 2026-06-11 16:41:22,099 basehttp 9 137705537136320 "POST /users/api/v1/token/refresh/ HTTP/1.1" 429 71
WARNING 2026-06-11 16:41:23,845 log 9 137705537136320 Unauthorized: /users/api/v1/me/
WARNING 2026-06-11 16:41:23,868 basehttp 9 137705537136320 "GET /users/api/v1/me/ HTTP/1.1" 401 58
WARNING 2026-06-11 16:41:24,117 log 9 137705537136320 Unauthorized: /users/api/v1/me/
WARNING 2026-06-11 16:41:24,136 log 9 137705528743616 Too Many Requests: /users/api/v1/token/refresh/
WARNING 2026-06-11 16:41:24,145 basehttp 9 137705537136320 "GET /users/api/v1/me/ HTTP/1.1" 401 58
WARNING 2026-06-11 16:41:24,168 basehttp 9 137705528743616 "POST /users/api/v1/token/refresh/ HTTP/1.1" 429 71
WARNING 2026-06-11 16:41:25,347 log 9 137705537136320 Unauthorized: /users/api/v1/me/
WARNING 2026-06-11 16:41:25,362 basehttp 9 137705537136320 "GET /users/api/v1/me/ HTTP/1.1" 401 58
WARNING 2026-06-11 16:41:25,546 log 9 137705528743616 Too Many Requests: /users/api/v1/token/refresh/
WARNING 2026-06-11 16:41:25,559 basehttp 9 137705528743616 "POST /users/api/v1/token/refresh/ HTTP/1.1" 429 71
WARNING 2026-06-11 16:41:25,627 log 9 137705537136320 Unauthorized: /users/api/v1/me/
WARNING 2026-06-11 16:41:25,634 basehttp 9 137705537136320 "GET /users/api/v1/me/ HTTP/1.1" 401 58
WARNING 2026-06-11 16:41:27,016 log 9 137705528743616 Unauthorized: /users/api/v1/me/
WARNING 2026-06-11 16:41:27,029 basehttp 9 137705528743616 "GET /users/api/v1/me/ HTTP/1.1" 401 58
WARNING 2026-06-11 16:41:27,148 log 9 137705528743616 Too Many Requests: /users/api/v1/token/refresh/
WARNING 2026-06-11 16:41:27,157 basehttp 9 137705528743616 "POST /users/api/v1/token/refresh/ HTTP/1.1" 429 71
WARNING 2026-06-11 16:41:27,317 log 9 137705528743616 Unauthorized: /users/api/v1/me/
WARNING 2026-06-11 16:41:27,326 basehttp 9 137705528743616 "GET /users/api/v1/me/ HTTP/1.1" 401 58
WARNING 2026-06-11 16:41:27,409 log 9 137705528743616 Too Many Requests: /users/api/v1/token/refresh/
WARNING 2026-06-11 16:41:27,417 basehttp 9 137705528743616 "POST /users/api/v1/token/refresh/ HTTP/1.1" 429 71
WARNING 2026-06-11 16:41:29,051 log 9 137705528743616 Unauthorized: /users/api/v1/me/
WARNING 2026-06-11 16:41:29,064 basehttp 9 137705528743616 "GET /users/api/v1/me/ HTTP/1.1" 401 58
WARNING 2026-06-11 16:41:29,280 log 9 137705528743616 Too Many Requests: /users/api/v1/token/refresh/
WARNING 2026-06-11 16:41:29,294 basehttp 9 137705528743616 "POST /users/api/v1/token/refresh/ HTTP/1.1" 429 71
WARNING 2026-06-11 16:41:29,300 log 9 137705537136320 Unauthorized: /users/api/v1/me/
WARNING 2026-06-11 16:41:29,315 basehttp 9 137705537136320 "GET /users/api/v1/me/ HTTP/1.1" 401 58
WARNING 2026-06-11 16:41:30,534 log 9 137705528743616 Unauthorized: /users/api/v1/me/
WARNING 2026-06-11 16:41:30,547 basehttp 9 137705528743616 "GET /users/api/v1/me/ HTTP/1.1" 401 58
WARNING 2026-06-11 16:41:30,669 log 9 137705528743616 Too Many Requests: /users/api/v1/token/refresh/
WARNING 2026-06-11 16:41:30,685 basehttp 9 137705528743616 "POST /users/api/v1/token/refresh/ HTTP/1.1" 429 71
WARNING 2026-06-11 16:41:30,854 log 9 137705528743616 Unauthorized: /users/api/v1/me/
WARNING 2026-06-11 16:41:30,868 basehttp 9 137705528743616 "GET /users/api/v1/me/ HTTP/1.1" 401 58
WARNING 2026-06-11 16:41:30,936 log 9 137705528743616 Too Many Requests: /users/api/v1/token/refresh/
WARNING 2026-06-11 16:41:30,945 basehttp 9 137705528743616 "POST /users/api/v1/token/refresh/ HTTP/1.1" 429 71
WARNING 2026-06-11 16:41:32,630 log 9 137705528743616 Unauthorized: /users/api/v1/me/
WARNING 2026-06-11 16:41:32,647 basehttp 9 137705528743616 "GET /users/api/v1/me/ HTTP/1.1" 401 58
WARNING 2026-06-11 16:41:32,908 log 9 137705528743616 Too Many Requests: /users/api/v1/token/refresh/
WARNING 2026-06-11 16:41:32,912 log 9 137705537136320 Unauthorized: /users/api/v1/me/
WARNING 2026-06-11 16:41:32,920 basehttp 9 137705528743616 "POST /users/api/v1/token/refresh/ HTTP/1.1" 429 71
WARNING 2026-06-11 16:41:32,933 basehttp 9 137705537136320 "GET /users/api/v1/me/ HTTP/1.1" 401 58
WARNING 2026-06-11 16:41:35,333 log 9 137705528743616 Unauthorized: /users/api/v1/me/
WARNING 2026-06-11 16:41:35,338 basehttp 9 137705528743616 "GET /users/api/v1/me/ HTTP/1.1" 401 58
WARNING 2026-06-11 16:41:35,438 log 9 137705528743616 Too Many Requests: /users/api/v1/token/refresh/
WARNING 2026-06-11 16:41:35,448 basehttp 9 137705528743616 "POST /users/api/v1/token/refresh/ HTTP/1.1" 429 71
WARNING 2026-06-11 16:41:36,634 log 9 137705528743616 Unauthorized: /users/api/v1/me/
WARNING 2026-06-11 16:41:36,641 basehttp 9 137705528743616 "GET /users/api/v1/me/ HTTP/1.1" 401 58
WARNING 2026-06-11 16:41:36,737 log 9 137705528743616 Too Many Requests: /users/api/v1/token/refresh/
WARNING 2026-06-11 16:41:36,744 basehttp 9 137705528743616 "POST /users/api/v1/token/refresh/ HTTP/1.1" 429 71
WARNING 2026-06-11 16:41:38,034 log 9 137705528743616 Unauthorized: /users/api/v1/me/
WARNING 2026-06-11 16:41:38,046 basehttp 9 137705528743616 "GET /users/api/v1/me/ HTTP/1.1" 401 58
WARNING 2026-06-11 16:41:38,135 log 9 137705528743616 Too Many Requests: /users/api/v1/token/refresh/
WARNING 2026-06-11 16:41:38,143 basehttp 9 137705528743616 "POST /users/api/v1/token/refresh/ HTTP/1.1" 429 71
WARNING 2026-06-11 16:41:38,352 log 9 137705528743616 Unauthorized: /users/api/v1/me/
WARNING 2026-06-11 16:41:38,356 basehttp 9 137705528743616 "GET /users/api/v1/me/ HTTP/1.1" 401 58
WARNING 2026-06-11 16:41:38,413 log 9 137705528743616 Too Many Requests: /users/api/v1/token/refresh/
WARNING 2026-06-11 16:41:38,418 basehttp 9 137705528743616 "POST /users/api/v1/token/refresh/ HTTP/1.1" 429 71
WARNING 2026-06-11 16:41:39,324 log 9 137705528743616 Unauthorized: /users/api/v1/me/
WARNING 2026-06-11 16:41:39,333 basehttp 9 137705528743616 "GET /users/api/v1/me/ HTTP/1.1" 401 58
WARNING 2026-06-11 16:41:39,465 log 9 137705528743616 Too Many Requests: /users/api/v1/token/refresh/
WARNING 2026-06-11 16:41:39,469 basehttp 9 137705528743616 "POST /users/api/v1/token/refresh/ HTTP/1.1" 429 71
WARNING 2026-06-11 16:41:40,538 log 9 137705528743616 Unauthorized: /users/api/v1/me/
WARNING 2026-06-11 16:41:40,541 basehttp 9 137705528743616 "GET /users/api/v1/me/ HTTP/1.1" 401 58
WARNING 2026-06-11 16:41:40,644 log 9 137705528743616 Too Many Requests: /users/api/v1/token/refresh/
WARNING 2026-06-11 16:41:40,658 basehttp 9 137705528743616 "POST /users/api/v1/token/refresh/ HTTP/1.1" 429 71
WARNING 2026-06-11 16:41:41,799 log 9 137705528743616 Unauthorized: /users/api/v1/me/
WARNING 2026-06-11 16:41:41,810 basehttp 9 137705528743616 "GET /users/api/v1/me/ HTTP/1.1" 401 58
WARNING 2026-06-11 16:41:41,907 log 9 137705528743616 Too Many Requests: /users/api/v1/token/refresh/
WARNING 2026-06-11 16:41:41,917 basehttp 9 137705528743616 "POST /users/api/v1/token/refresh/ HTTP/1.1" 429 71
WARNING 2026-06-11 16:41:42,375 log 9 137705528743616 Unauthorized: /users/api/v1/me/
WARNING 2026-06-11 16:41:42,380 basehttp 9 137705528743616 "GET /users/api/v1/me/ HTTP/1.1" 401 58
WARNING 2026-06-11 16:41:42,426 log 9 137705528743616 Too Many Requests: /users/api/v1/token/refresh/
WARNING 2026-06-11 16:41:42,450 basehttp 9 137705528743616 "POST /users/api/v1/token/refresh/ HTTP/1.1" 429 71
WARNING 2026-06-11 16:41:43,685 log 9 137705528743616 Unauthorized: /users/api/v1/me/
WARNING 2026-06-11 16:41:43,712 basehttp 9 137705528743616 "GET /users/api/v1/me/ HTTP/1.1" 401 58
WARNING 2026-06-11 16:41:43,975 log 9 137705528743616 Too Many Requests: /users/api/v1/token/refresh/
WARNING 2026-06-11 16:41:43,989 basehttp 9 137705528743616 "POST /users/api/v1/token/refresh/ HTTP/1.1" 429 71
WARNING 2026-06-11 16:41:44,029 log 9 137705528743616 Unauthorized: /users/api/v1/me/
WARNING 2026-06-11 16:41:44,037 basehttp 9 137705528743616 "GET /users/api/v1/me/ HTTP/1.1" 401 58
WARNING 2026-06-11 16:41:45,439 log 9 137705528743616 Unauthorized: /users/api/v1/me/
WARNING 2026-06-11 16:41:45,444 basehttp 9 137705528743616 "GET /users/api/v1/me/ HTTP/1.1" 401 58
WARNING 2026-06-11 16:41:45,554 log 9 137705528743616 Too Many Requests: /users/api/v1/token/refresh/
WARNING 2026-06-11 16:41:45,562 basehttp 9 137705528743616 "POST /users/api/v1/token/refresh/ HTTP/1.1" 429 71
WARNING 2026-06-11 16:41:47,020 log 9 137705528743616 Unauthorized: /users/api/v1/me/
WARNING 2026-06-11 16:41:47,030 basehttp 9 137705528743616 "GET /users/api/v1/me/ HTTP/1.1" 401 58
WARNING 2026-06-11 16:41:47,194 log 9 137705528743616 Too Many Requests: /users/api/v1/token/refresh/
WARNING 2026-06-11 16:41:47,201 basehttp 9 137705528743616 "POST /users/api/v1/token/refresh/ HTTP/1.1" 429 71
WARNING 2026-06-11 16:41:47,218 log 9 137705528743616 Unauthorized: /users/api/v1/me/
WARNING 2026-06-11 16:41:47,241 basehttp 9 137705528743616 "GET /users/api/v1/me/ HTTP/1.1" 401 58
WARNING 2026-06-11 16:41:49,780 log 9 137705537136320 Unauthorized: /users/api/v1/me/
WARNING 2026-06-11 16:41:49,795 basehttp 9 137705537136320 "GET /users/api/v1/me/ HTTP/1.1" 401 58
WARNING 2026-06-11 16:41:49,919 log 9 137705537136320 Too Many Requests: /users/api/v1/token/refresh/
WARNING 2026-06-11 16:41:49,924 basehttp 9 137705537136320 "POST /users/api/v1/token/refresh/ HTTP/1.1" 429 71
WARNING 2026-06-11 16:41:51,028 log 9 137705537136320 Unauthorized: /users/api/v1/me/
WARNING 2026-06-11 16:41:51,042 basehttp 9 137705537136320 "GET /users/api/v1/me/ HTTP/1.1" 401 58
WARNING 2026-06-11 16:41:51,138 log 9 137705537136320 Too Many Requests: /users/api/v1/token/refresh/
WARNING 2026-06-11 16:41:51,146 basehttp 9 137705537136320 "POST /users/api/v1/token/refresh/ HTTP/1.1" 429 71
WARNING 2026-06-11 16:41:52,309 log 9 137705537136320 Unauthorized: /users/api/v1/me/
WARNING 2026-06-11 16:41:52,314 basehttp 9 137705537136320 "GET /users/api/v1/me/ HTTP/1.1" 401 58
WARNING 2026-06-11 16:41:52,424 log 9 137705537136320 Too Many Requests: /users/api/v1/token/refresh/
WARNING 2026-06-11 16:41:52,432 basehttp 9 137705537136320 "POST /users/api/v1/token/refresh/ HTTP/1.1" 429 71
WARNING 2026-06-11 16:41:53,857 log 9 137705537136320 Unauthorized: /users/api/v1/me/
WARNING 2026-06-11 16:41:53,864 basehttp 9 137705537136320 "GET /users/api/v1/me/ HTTP/1.1" 401 58
WARNING 2026-06-11 16:41:53,965 log 9 137705537136320 Too Many Requests: /users/api/v1/token/refresh/
WARNING 2026-06-11 16:41:54,008 basehttp 9 137705537136320 "POST /users/api/v1/token/refresh/ HTTP/1.1" 429 71
WARNING 2026-06-11 16:41:54,164 log 9 137705537136320 Unauthorized: /users/api/v1/me/
WARNING 2026-06-11 16:41:54,169 basehttp 9 137705537136320 "GET /users/api/v1/me/ HTTP/1.1" 401 58
WARNING 2026-06-11 16:41:54,212 log 9 137705537136320 Too Many Requests: /users/api/v1/token/refresh/
WARNING 2026-06-11 16:41:54,218 basehttp 9 137705537136320 "POST /users/api/v1/token/refresh/ HTTP/1.1" 429 71
WARNING 2026-06-11 16:41:55,307 log 9 137705537136320 Unauthorized: /users/api/v1/me/
WARNING 2026-06-11 16:41:55,312 basehttp 9 137705537136320 "GET /users/api/v1/me/ HTTP/1.1" 401 58
WARNING 2026-06-11 16:41:55,438 log 9 137705537136320 Too Many Requests: /users/api/v1/token/refresh/
WARNING 2026-06-11 16:41:55,447 basehttp 9 137705537136320 "POST /users/api/v1/token/refresh/ HTTP/1.1" 429 71
WARNING 2026-06-11 16:41:56,428 log 9 137705537136320 Unauthorized: /users/api/v1/me/
WARNING 2026-06-11 16:41:56,434 basehttp 9 137705537136320 "GET /users/api/v1/me/ HTTP/1.1" 401 58
WARNING 2026-06-11 16:41:56,743 log 9 137705537136320 Too Many Requests: /users/api/v1/token/refresh/
WARNING 2026-06-11 16:41:56,752 basehttp 9 137705537136320 "POST /users/api/v1/token/refresh/ HTTP/1.1" 429 71
WARNING 2026-06-11 16:41:57,812 log 9 137705537136320 Unauthorized: /users/api/v1/me/
WARNING 2026-06-11 16:41:57,826 basehttp 9 137705537136320 "GET /users/api/v1/me/ HTTP/1.1" 401 58
WARNING 2026-06-11 16:41:57,964 log 9 137705537136320 Too Many Requests: /users/api/v1/token/refresh/
WARNING 2026-06-11 16:41:57,971 basehttp 9 137705537136320 "POST /users/api/v1/token/refresh/ HTTP/1.1" 429 71
WARNING 2026-06-11 16:41:58,928 log 9 137705537136320 Unauthorized: /users/api/v1/me/
WARNING 2026-06-11 16:41:58,933 basehttp 9 137705537136320 "GET /users/api/v1/me/ HTTP/1.1" 401 58
WARNING 2026-06-11 16:41:59,015 log 9 137705537136320 Too Many Requests: /users/api/v1/token/refresh/
WARNING 2026-06-11 16:41:59,025 basehttp 9 137705537136320 "POST /users/api/v1/token/refresh/ HTTP/1.1" 429 71
WARNING 2026-06-11 16:42:00,179 log 9 137705537136320 Unauthorized: /users/api/v1/me/
WARNING 2026-06-11 16:42:00,185 basehttp 9 137705537136320 "GET /users/api/v1/me/ HTTP/1.1" 401 58
WARNING 2026-06-11 16:42:00,269 log 9 137705537136320 Too Many Requests: /users/api/v1/token/refresh/
WARNING 2026-06-11 16:42:00,275 basehttp 9 137705537136320 "POST /users/api/v1/token/refresh/ HTTP/1.1" 429 71
WARNING 2026-06-11 16:42:01,289 log 9 137705537136320 Unauthorized: /users/api/v1/me/
WARNING 2026-06-11 16:42:01,295 basehttp 9 137705537136320 "GET /users/api/v1/me/ HTTP/1.1" 401 58
WARNING 2026-06-11 16:42:01,398 log 9 137705537136320 Too Many Requests: /users/api/v1/token/refresh/
WARNING 2026-06-11 16:42:01,408 basehttp 9 137705537136320 "POST /users/api/v1/token/refresh/ HTTP/1.1" 429 71
WARNING 2026-06-11 16:42:02,402 log 9 137705537136320 Unauthorized: /users/api/v1/me/
WARNING 2026-06-11 16:42:02,408 basehttp 9 137705537136320 "GET /users/api/v1/me/ HTTP/1.1" 401 58
WARNING 2026-06-11 16:42:02,455 log 9 137705537136320 Too Many Requests: /users/api/v1/token/refresh/
WARNING 2026-06-11 16:42:02,460 basehttp 9 137705537136320 "POST /users/api/v1/token/refresh/ HTTP/1.1" 429 71
WARNING 2026-06-11 16:42:03,959 log 9 137705537136320 Unauthorized: /users/api/v1/me/
WARNING 2026-06-11 16:42:03,983 basehttp 9 137705537136320 "GET /users/api/v1/me/ HTTP/1.1" 401 58
WARNING 2026-06-11 16:42:04,074 log 9 137705537136320 Too Many Requests: /users/api/v1/token/refresh/
WARNING 2026-06-11 16:42:04,088 basehttp 9 137705537136320 "POST /users/api/v1/token/refresh/ HTTP/1.1" 429 71
WARNING 2026-06-11 16:42:05,232 log 9 137705537136320 Unauthorized: /users/api/v1/me/
WARNING 2026-06-11 16:42:05,238 basehttp 9 137705537136320 "GET /users/api/v1/me/ HTTP/1.1" 401 58
WARNING 2026-06-11 16:42:05,354 log 9 137705537136320 Too Many Requests: /users/api/v1/token/refresh/
WARNING 2026-06-11 16:42:05,360 basehttp 9 137705537136320 "POST /users/api/v1/token/refresh/ HTTP/1.1" 429 71
WARNING 2026-06-11 16:42:07,567 log 9 137705537136320 Unauthorized: /users/api/v1/me/
WARNING 2026-06-11 16:42:07,579 basehttp 9 137705537136320 "GET /users/api/v1/me/ HTTP/1.1" 401 58
WARNING 2026-06-11 16:42:07,680 log 9 137705537136320 Too Many Requests: /users/api/v1/token/refresh/
WARNING 2026-06-11 16:42:07,687 basehttp 9 137705537136320 "POST /users/api/v1/token/refresh/ HTTP/1.1" 429 71
WARNING 2026-06-11 16:42:08,880 log 9 137705537136320 Unauthorized: /users/api/v1/me/
WARNING 2026-06-11 16:42:08,886 basehttp 9 137705537136320 "GET /users/api/v1/me/ HTTP/1.1" 401 58
WARNING 2026-06-11 16:42:08,990 log 9 137705537136320 Too Many Requests: /users/api/v1/token/refresh/
WARNING 2026-06-11 16:42:08,998 basehttp 9 137705537136320 "POST /users/api/v1/token/refresh/ HTTP/1.1" 429 71
WARNING 2026-06-11 16:42:10,099 log 9 137705537136320 Unauthorized: /users/api/v1/me/
WARNING 2026-06-11 16:42:10,106 basehttp 9 137705537136320 "GET /users/api/v1/me/ HTTP/1.1" 401 58
WARNING 2026-06-11 16:42:10,218 log 9 137705537136320 Too Many Requests: /users/api/v1/token/refresh/
WARNING 2026-06-11 16:42:10,230 basehttp 9 137705537136320 "POST /users/api/v1/token/refresh/ HTTP/1.1" 429 71
WARNING 2026-06-11 16:42:10,427 log 9 137705537136320 Unauthorized: /users/api/v1/me/
WARNING 2026-06-11 16:42:10,432 basehttp 9 137705537136320 "GET /users/api/v1/me/ HTTP/1.1" 401 58
WARNING 2026-06-11 16:42:10,475 log 9 137705537136320 Too Many Requests: /users/api/v1/token/refresh/
WARNING 2026-06-11 16:42:10,480 basehttp 9 137705537136320 "POST /users/api/v1/token/refresh/ HTTP/1.1" 429 71
WARNING 2026-06-11 16:42:11,616 log 9 137705537136320 Unauthorized: /users/api/v1/me/
WARNING 2026-06-11 16:42:11,623 basehttp 9 137705537136320 "GET /users/api/v1/me/ HTTP/1.1" 401 58
WARNING 2026-06-11 16:42:11,723 log 9 137705537136320 Too Many Requests: /users/api/v1/token/refresh/
WARNING 2026-06-11 16:42:11,734 basehttp 9 137705537136320 "POST /users/api/v1/token/refresh/ HTTP/1.1" 429 71
WARNING 2026-06-11 16:42:13,003 log 9 137705537136320 Unauthorized: /users/api/v1/me/
WARNING 2026-06-11 16:42:13,013 basehttp 9 137705537136320 "GET /users/api/v1/me/ HTTP/1.1" 401 58
WARNING 2026-06-11 16:42:13,124 log 9 137705537136320 Too Many Requests: /users/api/v1/token/refresh/
WARNING 2026-06-11 16:42:13,133 basehttp 9 137705537136320 "POST /users/api/v1/token/refresh/ HTTP/1.1" 429 71
WARNING 2026-06-11 16:42:14,215 log 9 137705537136320 Unauthorized: /users/api/v1/me/
WARNING 2026-06-11 16:42:14,221 basehttp 9 137705537136320 "GET /users/api/v1/me/ HTTP/1.1" 401 58
WARNING 2026-06-11 16:42:15,893 log 9 137705537136320 Unauthorized: /users/api/v1/me/
WARNING 2026-06-11 16:42:15,903 basehttp 9 137705537136320 "GET /users/api/v1/me/ HTTP/1.1" 401 58
WARNING 2026-06-11 16:42:16,048 log 9 137705537136320 Too Many Requests: /users/api/v1/token/refresh/
WARNING 2026-06-11 16:42:16,053 basehttp 9 137705537136320 "POST /users/api/v1/token/refresh/ HTTP/1.1" 429 71
WARNING 2026-06-11 16:42:17,256 log 9 137705537136320 Unauthorized: /users/api/v1/me/
WARNING 2026-06-11 16:42:17,273 basehttp 9 137705537136320 "GET /users/api/v1/me/ HTTP/1.1" 401 58
WARNING 2026-06-11 16:42:17,381 log 9 137705537136320 Too Many Requests: /users/api/v1/token/refresh/
WARNING 2026-06-11 16:42:17,399 basehttp 9 137705537136320 "POST /users/api/v1/token/refresh/ HTTP/1.1" 429 71
WARNING 2026-06-11 16:42:18,359 log 9 137705537136320 Unauthorized: /users/api/v1/me/
WARNING 2026-06-11 16:42:18,365 basehttp 9 137705537136320 "GET /users/api/v1/me/ HTTP/1.1" 401 58
WARNING 2026-06-11 16:42:18,424 log 9 137705537136320 Too Many Requests: /users/api/v1/token/refresh/
WARNING 2026-06-11 16:42:18,430 basehttp 9 137705537136320 "POST /users/api/v1/token/refresh/ HTTP/1.1" 429 71
WARNING 2026-06-11 16:42:19,565 log 9 137705537136320 Unauthorized: /users/api/v1/me/
WARNING 2026-06-11 16:42:19,575 basehttp 9 137705537136320 "GET /users/api/v1/me/ HTTP/1.1" 401 58
WARNING 2026-06-11 16:42:19,684 log 9 137705537136320 Too Many Requests: /users/api/v1/token/refresh/
WARNING 2026-06-11 16:42:19,697 basehttp 9 137705537136320 "POST /users/api/v1/token/refresh/ HTTP/1.1" 429 71
WARNING 2026-06-11 16:42:20,821 log 9 137705537136320 Unauthorized: /users/api/v1/me/
WARNING 2026-06-11 16:42:20,833 basehttp 9 137705537136320 "GET /users/api/v1/me/ HTTP/1.1" 401 58
WARNING 2026-06-11 16:42:20,925 log 9 137705537136320 Too Many Requests: /users/api/v1/token/refresh/
WARNING 2026-06-11 16:42:20,933 basehttp 9 137705537136320 "POST /users/api/v1/token/refresh/ HTTP/1.1" 429 71
WARNING 2026-06-11 16:42:22,250 log 9 137705537136320 Unauthorized: /users/api/v1/me/
WARNING 2026-06-11 16:42:22,256 basehttp 9 137705537136320 "GET /users/api/v1/me/ HTTP/1.1" 401 58
WARNING 2026-06-11 16:42:22,373 log 9 137705537136320 Too Many Requests: /users/api/v1/token/refresh/
WARNING 2026-06-11 16:42:22,378 basehttp 9 137705537136320 "POST /users/api/v1/token/refresh/ HTTP/1.1" 429 71
WARNING 2026-06-11 16:42:23,688 log 9 137705537136320 Unauthorized: /users/api/v1/me/
WARNING 2026-06-11 16:42:23,777 basehttp 9 137705537136320 "GET /users/api/v1/me/ HTTP/1.1" 401 58
WARNING 2026-06-11 16:42:23,880 log 9 137705537136320 Too Many Requests: /users/api/v1/token/refresh/
WARNING 2026-06-11 16:42:23,886 basehttp 9 137705537136320 "POST /users/api/v1/token/refresh/ HTTP/1.1" 429 71
WARNING 2026-06-11 16:42:24,075 log 9 137705537136320 Unauthorized: /users/api/v1/me/
WARNING 2026-06-11 16:42:24,082 basehttp 9 137705537136320 "GET /users/api/v1/me/ HTTP/1.1" 401 58
WARNING 2026-06-11 16:42:24,144 log 9 137705537136320 Too Many Requests: /users/api/v1/token/refresh/
WARNING 2026-06-11 16:42:24,147 basehttp 9 137705537136320 "POST /users/api/v1/token/refresh/ HTTP/1.1" 429 71
WARNING 2026-06-11 16:42:25,374 log 9 137705537136320 Unauthorized: /users/api/v1/me/
WARNING 2026-06-11 16:42:25,380 basehttp 9 137705537136320 "GET /users/api/v1/me/ HTTP/1.1" 401 58
WARNING 2026-06-11 16:42:25,506 log 9 137705537136320 Too Many Requests: /users/api/v1/token/refresh/
WARNING 2026-06-11 16:42:25,515 basehttp 9 137705537136320 "POST /users/api/v1/token/refresh/ HTTP/1.1" 429 71
WARNING 2026-06-11 16:42:26,514 log 9 137705537136320 Unauthorized: /users/api/v1/me/
WARNING 2026-06-11 16:42:26,531 basehttp 9 137705537136320 "GET /users/api/v1/me/ HTTP/1.1" 401 58
WARNING 2026-06-11 16:42:26,572 log 9 137705537136320 Too Many Requests: /users/api/v1/token/refresh/
WARNING 2026-06-11 16:42:26,576 basehttp 9 137705537136320 "POST /users/api/v1/token/refresh/ HTTP/1.1" 429 71
WARNING 2026-06-11 16:42:28,661 log 9 137705537136320 Unauthorized: /users/api/v1/me/
WARNING 2026-06-11 16:42:28,669 basehttp 9 137705537136320 "GET /users/api/v1/me/ HTTP/1.1" 401 58
WARNING 2026-06-11 16:42:28,784 log 9 137705537136320 Too Many Requests: /users/api/v1/token/refresh/
WARNING 2026-06-11 16:42:28,791 basehttp 9 137705537136320 "POST /users/api/v1/token/refresh/ HTTP/1.1" 429 71
WARNING 2026-06-11 16:42:29,946 log 9 137705537136320 Unauthorized: /users/api/v1/me/
WARNING 2026-06-11 16:42:29,953 basehttp 9 137705537136320 "GET /users/api/v1/me/ HTTP/1.1" 401 58
WARNING 2026-06-11 16:42:30,063 log 9 137705537136320 Too Many Requests: /users/api/v1/token/refresh/
WARNING 2026-06-11 16:42:30,072 basehttp 9 137705537136320 "POST /users/api/v1/token/refresh/ HTTP/1.1" 429 71
WARNING 2026-06-11 16:42:31,235 log 9 137705537136320 Unauthorized: /users/api/v1/me/
WARNING 2026-06-11 16:42:31,241 basehttp 9 137705537136320 "GET /users/api/v1/me/ HTTP/1.1" 401 58
WARNING 2026-06-11 16:42:31,343 log 9 137705537136320 Too Many Requests: /users/api/v1/token/refresh/
WARNING 2026-06-11 16:42:31,357 basehttp 9 137705537136320 "POST /users/api/v1/token/refresh/ HTTP/1.1" 429 71
WARNING 2026-06-11 16:42:36,480 log 9 137705537136320 Unauthorized: /users/api/v1/me/
WARNING 2026-06-11 16:42:36,502 basehttp 9 137705537136320 "GET /users/api/v1/me/ HTTP/1.1" 401 58
WARNING 2026-06-11 16:42:36,946 log 9 137705537136320 Unauthorized: /users/api/v1/me/
WARNING 2026-06-11 16:42:36,950 basehttp 9 137705537136320 "GET /users/api/v1/me/ HTTP/1.1" 401 58
WARNING 2026-06-11 16:42:36,965 log 9 137705528743616 Too Many Requests: /users/api/v1/token/refresh/
WARNING 2026-06-11 16:42:36,969 basehttp 9 137705528743616 "POST /users/api/v1/token/refresh/ HTTP/1.1" 429 71
WARNING 2026-06-11 16:42:39,053 log 9 137705537136320 Unauthorized: /users/api/v1/me/
WARNING 2026-06-11 16:42:39,058 basehttp 9 137705537136320 "GET /users/api/v1/me/ HTTP/1.1" 401 58
WARNING 2026-06-11 16:42:39,157 log 9 137705528743616 Too Many Requests: /users/api/v1/token/refresh/
WARNING 2026-06-11 16:42:39,164 basehttp 9 137705528743616 "POST /users/api/v1/token/refresh/ HTTP/1.1" 429 71
WARNING 2026-06-11 16:42:40,290 log 9 137705537136320 Unauthorized: /users/api/v1/me/
WARNING 2026-06-11 16:42:40,303 basehttp 9 137705537136320 "GET /users/api/v1/me/ HTTP/1.1" 401 58
WARNING 2026-06-11 16:42:40,400 log 9 137705528743616 Too Many Requests: /users/api/v1/token/refresh/
WARNING 2026-06-11 16:42:40,408 basehttp 9 137705528743616 "POST /users/api/v1/token/refresh/ HTTP/1.1" 429 71
WARNING 2026-06-11 16:42:41,532 log 9 137705537136320 Unauthorized: /users/api/v1/me/
WARNING 2026-06-11 16:42:41,537 basehttp 9 137705537136320 "GET /users/api/v1/me/ HTTP/1.1" 401 58
WARNING 2026-06-11 16:42:41,666 log 9 137705528743616 Too Many Requests: /users/api/v1/token/refresh/
WARNING 2026-06-11 16:42:41,671 basehttp 9 137705528743616 "POST /users/api/v1/token/refresh/ HTTP/1.1" 429 71
WARNING 2026-06-11 16:42:42,972 log 9 137705537136320 Unauthorized: /users/api/v1/me/
WARNING 2026-06-11 16:42:42,987 basehttp 9 137705537136320 "GET /users/api/v1/me/ HTTP/1.1" 401 58
WARNING 2026-06-11 16:42:43,094 log 9 137705528743616 Too Many Requests: /users/api/v1/token/refresh/
WARNING 2026-06-11 16:42:43,101 basehttp 9 137705528743616 "POST /users/api/v1/token/refresh/ HTTP/1.1" 429 71
WARNING 2026-06-11 16:42:46,455 log 9 137705537136320 Unauthorized: /users/api/v1/me/
WARNING 2026-06-11 16:42:46,464 basehttp 9 137705537136320 "GET /users/api/v1/me/ HTTP/1.1" 401 58
WARNING 2026-06-11 16:42:46,569 log 9 137705528743616 Too Many Requests: /users/api/v1/token/refresh/
WARNING 2026-06-11 16:42:46,573 basehttp 9 137705528743616 "POST /users/api/v1/token/refresh/ HTTP/1.1" 429 71
WARNING 2026-06-11 16:42:47,929 log 9 137705537136320 Unauthorized: /users/api/v1/me/
WARNING 2026-06-11 16:42:47,935 basehttp 9 137705537136320 "GET /users/api/v1/me/ HTTP/1.1" 401 58
WARNING 2026-06-11 16:42:48,015 log 9 137705528743616 Too Many Requests: /users/api/v1/token/refresh/
WARNING 2026-06-11 16:42:48,020 basehttp 9 137705528743616 "POST /users/api/v1/token/refresh/ HTTP/1.1" 429 71
WARNING 2026-06-11 16:42:49,154 log 9 137705537136320 Unauthorized: /users/api/v1/me/
WARNING 2026-06-11 16:42:49,166 basehttp 9 137705537136320 "GET /users/api/v1/me/ HTTP/1.1" 401 58
WARNING 2026-06-11 16:42:49,265 log 9 137705528743616 Too Many Requests: /users/api/v1/token/refresh/
WARNING 2026-06-11 16:42:49,273 basehttp 9 137705528743616 "POST /users/api/v1/token/refresh/ HTTP/1.1" 429 71
WARNING 2026-06-11 16:42:50,625 log 9 137705537136320 Unauthorized: /users/api/v1/me/
WARNING 2026-06-11 16:42:50,631 basehttp 9 137705537136320 "GET /users/api/v1/me/ HTTP/1.1" 401 58
WARNING 2026-06-11 16:42:50,758 log 9 137705528743616 Too Many Requests: /users/api/v1/token/refresh/
WARNING 2026-06-11 16:42:50,784 basehttp 9 137705528743616 "POST /users/api/v1/token/refresh/ HTTP/1.1" 429 71
WARNING 2026-06-11 16:42:50,985 log 9 137705537136320 Unauthorized: /users/api/v1/me/
WARNING 2026-06-11 16:42:50,995 basehttp 9 137705537136320 "GET /users/api/v1/me/ HTTP/1.1" 401 58
WARNING 2026-06-11 16:42:51,071 log 9 137705528743616 Too Many Requests: /users/api/v1/token/refresh/
WARNING 2026-06-11 16:42:51,083 basehttp 9 137705528743616 "POST /users/api/v1/token/refresh/ HTTP/1.1" 429 71
WARNING 2026-06-11 16:42:52,841 log 9 137705537136320 Unauthorized: /users/api/v1/me/
WARNING 2026-06-11 16:42:52,853 basehttp 9 137705537136320 "GET /users/api/v1/me/ HTTP/1.1" 401 58
WARNING 2026-06-11 16:42:52,975 log 9 137705528743616 Too Many Requests: /users/api/v1/token/refresh/
WARNING 2026-06-11 16:42:52,985 basehttp 9 137705528743616 "POST /users/api/v1/token/refresh/ HTTP/1.1" 429 71
WARNING 2026-06-11 16:42:53,141 log 9 137705537136320 Unauthorized: /users/api/v1/me/
WARNING 2026-06-11 16:42:53,152 basehttp 9 137705537136320 "GET /users/api/v1/me/ HTTP/1.1" 401 58
WARNING 2026-06-11 16:42:53,229 log 9 137705528743616 Too Many Requests: /users/api/v1/token/refresh/
WARNING 2026-06-11 16:42:53,238 basehttp 9 137705528743616 "POST /users/api/v1/token/refresh/ HTTP/1.1" 429 71
WARNING 2026-06-11 16:42:54,912 log 9 137705537136320 Unauthorized: /users/api/v1/me/
WARNING 2026-06-11 16:42:54,925 basehttp 9 137705537136320 "GET /users/api/v1/me/ HTTP/1.1" 401 58
WARNING 2026-06-11 16:42:55,030 log 9 137705528743616 Too Many Requests: /users/api/v1/token/refresh/
WARNING 2026-06-11 16:42:55,052 basehttp 9 137705528743616 "POST /users/api/v1/token/refresh/ HTTP/1.1" 429 71
WARNING 2026-06-11 16:42:55,233 log 9 137705537136320 Unauthorized: /users/api/v1/me/
WARNING 2026-06-11 16:42:55,239 basehttp 9 137705537136320 "GET /users/api/v1/me/ HTTP/1.1" 401 58
WARNING 2026-06-11 16:42:55,304 log 9 137705528743616 Too Many Requests: /users/api/v1/token/refresh/
WARNING 2026-06-11 16:42:55,312 basehttp 9 137705528743616 "POST /users/api/v1/token/refresh/ HTTP/1.1" 429 71
WARNING 2026-06-11 16:42:56,672 log 9 137705537136320 Unauthorized: /users/api/v1/me/
WARNING 2026-06-11 16:42:56,683 basehttp 9 137705537136320 "GET /users/api/v1/me/ HTTP/1.1" 401 58
WARNING 2026-06-11 16:42:56,790 log 9 137705528743616 Too Many Requests: /users/api/v1/token/refresh/
WARNING 2026-06-11 16:42:56,806 basehttp 9 137705528743616 "POST /users/api/v1/token/refresh/ HTTP/1.1" 429 71
WARNING 2026-06-11 16:42:57,022 log 9 137705537136320 Unauthorized: /users/api/v1/me/
WARNING 2026-06-11 16:42:57,030 basehttp 9 137705537136320 "GET /users/api/v1/me/ HTTP/1.1" 401 58
WARNING 2026-06-11 16:42:57,090 log 9 137705528743616 Too Many Requests: /users/api/v1/token/refresh/
WARNING 2026-06-11 16:42:57,105 basehttp 9 137705528743616 "POST /users/api/v1/token/refresh/ HTTP/1.1" 429 71
WARNING 2026-06-11 16:43:05,911 log 9 137705537136320 Unauthorized: /users/api/v1/me/
WARNING 2026-06-11 16:43:05,916 basehttp 9 137705537136320 "GET /users/api/v1/me/ HTTP/1.1" 401 58
WARNING 2026-06-11 16:43:05,997 log 9 137705528743616 Too Many Requests: /users/api/v1/token/refresh/
WARNING 2026-06-11 16:43:06,003 basehttp 9 137705528743616 "POST /users/api/v1/token/refresh/ HTTP/1.1" 429 71
WARNING 2026-06-11 16:43:06,388 log 9 137705537136320 Unauthorized: /users/api/v1/me/
WARNING 2026-06-11 16:43:06,396 basehttp 9 137705537136320 "GET /users/api/v1/me/ HTTP/1.1" 401 58
WARNING 2026-06-11 16:43:08,875 log 9 137705528743616 Unauthorized: /users/api/v1/me/
WARNING 2026-06-11 16:43:08,884 basehttp 9 137705528743616 "GET /users/api/v1/me/ HTTP/1.1" 401 58
WARNING 2026-06-11 16:43:09,002 log 9 137705528743616 Too Many Requests: /users/api/v1/token/refresh/
WARNING 2026-06-11 16:43:09,007 basehttp 9 137705528743616 "POST /users/api/v1/token/refresh/ HTTP/1.1" 429 71
WARNING 2026-06-11 16:43:10,457 log 9 137705528743616 Unauthorized: /users/api/v1/me/
WARNING 2026-06-11 16:43:10,470 basehttp 9 137705528743616 "GET /users/api/v1/me/ HTTP/1.1" 401 58
WARNING 2026-06-11 16:43:10,572 log 9 137705528743616 Too Many Requests: /users/api/v1/token/refresh/
WARNING 2026-06-11 16:43:10,588 basehttp 9 137705528743616 "POST /users/api/v1/token/refresh/ HTTP/1.1" 429 71
WARNING 2026-06-11 16:43:20,766 log 9 137705528743616 Unauthorized: /users/api/v1/me/
WARNING 2026-06-11 16:43:20,774 basehttp 9 137705528743616 "GET /users/api/v1/me/ HTTP/1.1" 401 58
WARNING 2026-06-11 16:43:21,334 log 9 137705528743616 Unauthorized: /users/api/v1/me/
WARNING 2026-06-11 16:43:21,347 basehttp 9 137705528743616 "GET /users/api/v1/me/ HTTP/1.1" 401 58
WARNING 2026-06-11 16:43:21,366 log 9 137705528743616 Too Many Requests: /users/api/v1/token/refresh/
WARNING 2026-06-11 16:43:21,384 basehttp 9 137705528743616 "POST /users/api/v1/token/refresh/ HTTP/1.1" 429 71
WARNING 2026-06-11 16:43:25,921 log 9 137705528743616 Unauthorized: /users/api/v1/me/
WARNING 2026-06-11 16:43:25,933 basehttp 9 137705528743616 "GET /users/api/v1/me/ HTTP/1.1" 401 58
WARNING 2026-06-11 16:43:26,062 log 9 137705528743616 Too Many Requests: /users/api/v1/token/refresh/
WARNING 2026-06-11 16:43:26,076 basehttp 9 137705528743616 "POST /users/api/v1/token/refresh/ HTTP/1.1" 429 71
WARNING 2026-06-11 16:43:26,212 log 9 137705528743616 Unauthorized: /users/api/v1/me/
WARNING 2026-06-11 16:43:26,244 basehttp 9 137705528743616 "GET /users/api/v1/me/ HTTP/1.1" 401 58
WARNING 2026-06-11 16:43:27,139 log 9 137705528743616 Too Many Requests: /users/api/v1/token/refresh/
WARNING 2026-06-11 16:43:27,146 basehttp 9 137705528743616 "POST /users/api/v1/token/refresh/ HTTP/1.1" 429 71
WARNING 2026-06-11 16:43:31,937 log 9 137705528743616 Too Many Requests: /users/api/v1/login/cookie/
WARNING 2026-06-11 16:43:31,949 basehttp 9 137705528743616 "POST /users/api/v1/login/cookie/ HTTP/1.1" 429 71
WARNING 2026-06-11 16:43:33,496 log 9 137705528743616 Too Many Requests: /users/api/v1/login/cookie/
WARNING 2026-06-11 16:43:33,519 basehttp 9 137705528743616 "POST /users/api/v1/login/cookie/ HTTP/1.1" 429 71
WARNING 2026-06-11 16:43:35,606 log 9 137705528743616 Too Many Requests: /users/api/v1/login/cookie/
WARNING 2026-06-11 16:43:35,612 basehttp 9 137705528743616 "POST /users/api/v1/login/cookie/ HTTP/1.1" 429 71
WARNING 2026-06-11 16:43:42,198 log 9 137705528743616 Too Many Requests: /users/api/v1/login/cookie/
WARNING 2026-06-11 16:43:42,236 basehttp 9 137705528743616 "POST /users/api/v1/login/cookie/ HTTP/1.1" 429 71
WARNING 2026-06-11 16:45:31,312 log 9 137705528743616 Too Many Requests: /users/api/v1/login/cookie/
WARNING 2026-06-11 16:45:31,316 basehttp 9 137705528743616 "POST /users/api/v1/login/cookie/ HTTP/1.1" 429 71
WARNING 2026-06-11 16:46:33,559 log 9 137705528743616 Too Many Requests: /users/api/v1/login/cookie/
WARNING 2026-06-11 16:46:33,579 basehttp 9 137705528743616 "POST /users/api/v1/login/cookie/ HTTP/1.1" 429 71
WARNING 2026-06-11 16:51:25,888 log 8 128417331668672 Unauthorized: /users/api/v1/me/
WARNING 2026-06-11 16:51:25,894 basehttp 8 128417331668672 "GET /users/api/v1/me/ HTTP/1.1" 401 58
WARNING 2026-06-11 16:51:25,925 log 8 128417331668672 Bad Request: /users/api/v1/token/refresh/
WARNING 2026-06-11 16:51:25,932 basehttp 8 128417331668672 "POST /users/api/v1/token/refresh/ HTTP/1.1" 400 39
WARNING 2026-06-11 16:51:26,238 log 8 128417331668672 Unauthorized: /users/api/v1/me/
WARNING 2026-06-11 16:51:26,249 basehttp 8 128417331668672 "GET /users/api/v1/me/ HTTP/1.1" 401 58
WARNING 2026-06-11 16:51:26,347 log 8 128417331668672 Bad Request: /users/api/v1/token/refresh/
WARNING 2026-06-11 16:51:26,354 basehttp 8 128417331668672 "POST /users/api/v1/token/refresh/ HTTP/1.1" 400 39
ERROR 2026-06-11 16:51:39,250 log 8 128417331668672 Internal Server Error: /api/expedients/pending_admin/
Traceback (most recent call last):
  File "/usr/local/lib/python3.11/site-packages/django/db/backends/utils.py", line 89, in _execute
    return self.cursor.execute(sql, params)
           ^^^^^^^^^^^^^^^^^^^^^^^^^^^^^^^^
psycopg2.errors.UndefinedColumn: column expedients_expedient.has_pending_updates does not exist
LINE 1: ..._by_id", "expedients_expedient"."approved_by_id", "expedient...
                                                             ^


The above exception was the direct cause of the following exception:

Traceback (most recent call last):
  File "/usr/local/lib/python3.11/site-packages/django/core/handlers/exception.py", line 55, in inner
    response = get_response(request)
               ^^^^^^^^^^^^^^^^^^^^^
  File "/usr/local/lib/python3.11/site-packages/django/core/handlers/base.py", line 197, in _get_response
    response = wrapped_callback(request, *callback_args, **callback_kwargs)
               ^^^^^^^^^^^^^^^^^^^^^^^^^^^^^^^^^^^^^^^^^^^^^^^^^^^^^^^^^^^^
  File "/usr/local/lib/python3.11/site-packages/django/views/decorators/csrf.py", line 56, in wrapper_view
    return view_func(*args, **kwargs)
           ^^^^^^^^^^^^^^^^^^^^^^^^^^
  File "/usr/local/lib/python3.11/site-packages/rest_framework/viewsets.py", line 125, in view
    return self.dispatch(request, *args, **kwargs)
           ^^^^^^^^^^^^^^^^^^^^^^^^^^^^^^^^^^^^^^^
  File "/usr/local/lib/python3.11/site-packages/rest_framework/views.py", line 515, in dispatch
    response = self.handle_exception(exc)
               ^^^^^^^^^^^^^^^^^^^^^^^^^^
  File "/usr/local/lib/python3.11/site-packages/rest_framework/views.py", line 475, in handle_exception
    self.raise_uncaught_exception(exc)
  File "/usr/local/lib/python3.11/site-packages/rest_framework/views.py", line 486, in raise_uncaught_exception
    raise exc
  File "/usr/local/lib/python3.11/site-packages/rest_framework/views.py", line 512, in dispatch
    response = handler(request, *args, **kwargs)
               ^^^^^^^^^^^^^^^^^^^^^^^^^^^^^^^^^
  File "/app/expedients/views.py", line 372, in pending_admin
    return Response(serializer.data)
                    ^^^^^^^^^^^^^^^
  File "/usr/local/lib/python3.11/site-packages/rest_framework/serializers.py", line 797, in data
    ret = super().data
          ^^^^^^^^^^^^
  File "/usr/local/lib/python3.11/site-packages/rest_framework/serializers.py", line 251, in data
    self._data = self.to_representation(self.instance)
                 ^^^^^^^^^^^^^^^^^^^^^^^^^^^^^^^^^^^^^
  File "/usr/local/lib/python3.11/site-packages/rest_framework/serializers.py", line 715, in to_representation
    return [
           ^
  File "/usr/local/lib/python3.11/site-packages/django/db/models/query.py", line 398, in __iter__
    self._fetch_all()
  File "/usr/local/lib/python3.11/site-packages/django/db/models/query.py", line 1881, in _fetch_all
    self._result_cache = list(self._iterable_class(self))
                         ^^^^^^^^^^^^^^^^^^^^^^^^^^^^^^^^
  File "/usr/local/lib/python3.11/site-packages/django/db/models/query.py", line 91, in __iter__
    results = compiler.execute_sql(
              ^^^^^^^^^^^^^^^^^^^^^
  File "/usr/local/lib/python3.11/site-packages/django/db/models/sql/compiler.py", line 1562, in execute_sql
    cursor.execute(sql, params)
  File "/usr/local/lib/python3.11/site-packages/django/db/backends/utils.py", line 102, in execute
    return super().execute(sql, params)
           ^^^^^^^^^^^^^^^^^^^^^^^^^^^^
  File "/usr/local/lib/python3.11/site-packages/django/db/backends/utils.py", line 67, in execute
    return self._execute_with_wrappers(
           ^^^^^^^^^^^^^^^^^^^^^^^^^^^^
  File "/usr/local/lib/python3.11/site-packages/django/db/backends/utils.py", line 80, in _execute_with_wrappers
    return executor(sql, params, many, context)
           ^^^^^^^^^^^^^^^^^^^^^^^^^^^^^^^^^^^^
  File "/usr/local/lib/python3.11/site-packages/django/db/backends/utils.py", line 84, in _execute
    with self.db.wrap_database_errors:
  File "/usr/local/lib/python3.11/site-packages/django/db/utils.py", line 91, in __exit__
    raise dj_exc_value.with_traceback(traceback) from exc_value
  File "/usr/local/lib/python3.11/site-packages/django/db/backends/utils.py", line 89, in _execute
    return self.cursor.execute(sql, params)
           ^^^^^^^^^^^^^^^^^^^^^^^^^^^^^^^^
django.db.utils.ProgrammingError: column expedients_expedient.has_pending_updates does not exist
LINE 1: ..._by_id", "expedients_expedient"."approved_by_id", "expedient...
                                                             ^

ERROR 2026-06-11 16:51:39,251 log 8 128417240446656 Internal Server Error: /api/expedients/approved/
Traceback (most recent call last):
  File "/usr/local/lib/python3.11/site-packages/django/db/backends/utils.py", line 89, in _execute
    return self.cursor.execute(sql, params)
           ^^^^^^^^^^^^^^^^^^^^^^^^^^^^^^^^
psycopg2.errors.UndefinedColumn: column expedients_expedient.has_pending_updates does not exist
LINE 1: ..._by_id", "expedients_expedient"."approved_by_id", "expedient...
                                                             ^


The above exception was the direct cause of the following exception:

Traceback (most recent call last):
  File "/usr/local/lib/python3.11/site-packages/django/core/handlers/exception.py", line 55, in inner
    response = get_response(request)
               ^^^^^^^^^^^^^^^^^^^^^
  File "/usr/local/lib/python3.11/site-packages/django/core/handlers/base.py", line 197, in _get_response
    response = wrapped_callback(request, *callback_args, **callback_kwargs)
               ^^^^^^^^^^^^^^^^^^^^^^^^^^^^^^^^^^^^^^^^^^^^^^^^^^^^^^^^^^^^
  File "/usr/local/lib/python3.11/site-packages/django/views/decorators/csrf.py", line 56, in wrapper_view
    return view_func(*args, **kwargs)
           ^^^^^^^^^^^^^^^^^^^^^^^^^^
  File "/usr/local/lib/python3.11/site-packages/rest_framework/viewsets.py", line 125, in view
    return self.dispatch(request, *args, **kwargs)
           ^^^^^^^^^^^^^^^^^^^^^^^^^^^^^^^^^^^^^^^
  File "/usr/local/lib/python3.11/site-packages/rest_framework/views.py", line 515, in dispatch
    response = self.handle_exception(exc)
               ^^^^^^^^^^^^^^^^^^^^^^^^^^
  File "/usr/local/lib/python3.11/site-packages/rest_framework/views.py", line 475, in handle_exception
    self.raise_uncaught_exception(exc)
  File "/usr/local/lib/python3.11/site-packages/rest_framework/views.py", line 486, in raise_uncaught_exception
    raise exc
  File "/usr/local/lib/python3.11/site-packages/rest_framework/views.py", line 512, in dispatch
    response = handler(request, *args, **kwargs)
               ^^^^^^^^^^^^^^^^^^^^^^^^^^^^^^^^^
  File "/app/expedients/views.py", line 381, in approved
    return Response(serializer.data)
                    ^^^^^^^^^^^^^^^
  File "/usr/local/lib/python3.11/site-packages/rest_framework/serializers.py", line 797, in data
    ret = super().data
          ^^^^^^^^^^^^
  File "/usr/local/lib/python3.11/site-packages/rest_framework/serializers.py", line 251, in data
    self._data = self.to_representation(self.instance)
                 ^^^^^^^^^^^^^^^^^^^^^^^^^^^^^^^^^^^^^
  File "/usr/local/lib/python3.11/site-packages/rest_framework/serializers.py", line 715, in to_representation
    return [
           ^
  File "/usr/local/lib/python3.11/site-packages/django/db/models/query.py", line 398, in __iter__
    self._fetch_all()
  File "/usr/local/lib/python3.11/site-packages/django/db/models/query.py", line 1881, in _fetch_all
    self._result_cache = list(self._iterable_class(self))
                         ^^^^^^^^^^^^^^^^^^^^^^^^^^^^^^^^
  File "/usr/local/lib/python3.11/site-packages/django/db/models/query.py", line 91, in __iter__
    results = compiler.execute_sql(
              ^^^^^^^^^^^^^^^^^^^^^
  File "/usr/local/lib/python3.11/site-packages/django/db/models/sql/compiler.py", line 1562, in execute_sql
    cursor.execute(sql, params)
  File "/usr/local/lib/python3.11/site-packages/django/db/backends/utils.py", line 102, in execute
    return super().execute(sql, params)
           ^^^^^^^^^^^^^^^^^^^^^^^^^^^^
  File "/usr/local/lib/python3.11/site-packages/django/db/backends/utils.py", line 67, in execute
    return self._execute_with_wrappers(
           ^^^^^^^^^^^^^^^^^^^^^^^^^^^^
  File "/usr/local/lib/python3.11/site-packages/django/db/backends/utils.py", line 80, in _execute_with_wrappers
    return executor(sql, params, many, context)
           ^^^^^^^^^^^^^^^^^^^^^^^^^^^^^^^^^^^^
  File "/usr/local/lib/python3.11/site-packages/django/db/backends/utils.py", line 84, in _execute
    with self.db.wrap_database_errors:
  File "/usr/local/lib/python3.11/site-packages/django/db/utils.py", line 91, in __exit__
    raise dj_exc_value.with_traceback(traceback) from exc_value
  File "/usr/local/lib/python3.11/site-packages/django/db/backends/utils.py", line 89, in _execute
    return self.cursor.execute(sql, params)
           ^^^^^^^^^^^^^^^^^^^^^^^^^^^^^^^^
django.db.utils.ProgrammingError: column expedients_expedient.has_pending_updates does not exist
LINE 1: ..._by_id", "expedients_expedient"."approved_by_id", "expedient...
                                                             ^

ERROR 2026-06-11 16:51:39,282 basehttp 8 128417331668672 "GET /api/expedients/pending_admin/ HTTP/1.1" 500 187125
ERROR 2026-06-11 16:51:39,293 basehttp 8 128417240446656 "GET /api/expedients/approved/ HTTP/1.1" 500 187522
ERROR 2026-06-11 16:51:49,888 log 8 128417331668672 Internal Server Error: /api/expedients/pending_docs/
Traceback (most recent call last):
  File "/usr/local/lib/python3.11/site-packages/django/db/backends/utils.py", line 89, in _execute
    return self.cursor.execute(sql, params)
           ^^^^^^^^^^^^^^^^^^^^^^^^^^^^^^^^
psycopg2.errors.UndefinedColumn: column expedients_expedient.has_pending_updates does not exist
LINE 1: ..._by_id", "expedients_expedient"."approved_by_id", "expedient...
                                                             ^


The above exception was the direct cause of the following exception:

Traceback (most recent call last):
  File "/usr/local/lib/python3.11/site-packages/django/core/handlers/exception.py", line 55, in inner
    response = get_response(request)
               ^^^^^^^^^^^^^^^^^^^^^
  File "/usr/local/lib/python3.11/site-packages/django/core/handlers/base.py", line 197, in _get_response
    response = wrapped_callback(request, *callback_args, **callback_kwargs)
               ^^^^^^^^^^^^^^^^^^^^^^^^^^^^^^^^^^^^^^^^^^^^^^^^^^^^^^^^^^^^
  File "/usr/local/lib/python3.11/site-packages/django/views/decorators/csrf.py", line 56, in wrapper_view
    return view_func(*args, **kwargs)
           ^^^^^^^^^^^^^^^^^^^^^^^^^^
  File "/usr/local/lib/python3.11/site-packages/rest_framework/viewsets.py", line 125, in view
    return self.dispatch(request, *args, **kwargs)
           ^^^^^^^^^^^^^^^^^^^^^^^^^^^^^^^^^^^^^^^
  File "/usr/local/lib/python3.11/site-packages/rest_framework/views.py", line 515, in dispatch
    response = self.handle_exception(exc)
               ^^^^^^^^^^^^^^^^^^^^^^^^^^
  File "/usr/local/lib/python3.11/site-packages/rest_framework/views.py", line 475, in handle_exception
    self.raise_uncaught_exception(exc)
  File "/usr/local/lib/python3.11/site-packages/rest_framework/views.py", line 486, in raise_uncaught_exception
    raise exc
  File "/usr/local/lib/python3.11/site-packages/rest_framework/views.py", line 512, in dispatch
    response = handler(request, *args, **kwargs)
               ^^^^^^^^^^^^^^^^^^^^^^^^^^^^^^^^^
  File "/app/expedients/views.py", line 134, in pending_docs
    return Response(serializer.data)
                    ^^^^^^^^^^^^^^^
  File "/usr/local/lib/python3.11/site-packages/rest_framework/serializers.py", line 797, in data
    ret = super().data
          ^^^^^^^^^^^^
  File "/usr/local/lib/python3.11/site-packages/rest_framework/serializers.py", line 251, in data
    self._data = self.to_representation(self.instance)
                 ^^^^^^^^^^^^^^^^^^^^^^^^^^^^^^^^^^^^^
  File "/usr/local/lib/python3.11/site-packages/rest_framework/serializers.py", line 715, in to_representation
    return [
           ^
  File "/usr/local/lib/python3.11/site-packages/django/db/models/query.py", line 398, in __iter__
    self._fetch_all()
  File "/usr/local/lib/python3.11/site-packages/django/db/models/query.py", line 1881, in _fetch_all
    self._result_cache = list(self._iterable_class(self))
                         ^^^^^^^^^^^^^^^^^^^^^^^^^^^^^^^^
  File "/usr/local/lib/python3.11/site-packages/django/db/models/query.py", line 91, in __iter__
    results = compiler.execute_sql(
              ^^^^^^^^^^^^^^^^^^^^^
  File "/usr/local/lib/python3.11/site-packages/django/db/models/sql/compiler.py", line 1562, in execute_sql
    cursor.execute(sql, params)
  File "/usr/local/lib/python3.11/site-packages/django/db/backends/utils.py", line 102, in execute
    return super().execute(sql, params)
           ^^^^^^^^^^^^^^^^^^^^^^^^^^^^
  File "/usr/local/lib/python3.11/site-packages/django/db/backends/utils.py", line 67, in execute
    return self._execute_with_wrappers(
           ^^^^^^^^^^^^^^^^^^^^^^^^^^^^
  File "/usr/local/lib/python3.11/site-packages/django/db/backends/utils.py", line 80, in _execute_with_wrappers
    return executor(sql, params, many, context)
           ^^^^^^^^^^^^^^^^^^^^^^^^^^^^^^^^^^^^
  File "/usr/local/lib/python3.11/site-packages/django/db/backends/utils.py", line 84, in _execute
    with self.db.wrap_database_errors:
  File "/usr/local/lib/python3.11/site-packages/django/db/utils.py", line 91, in __exit__
    raise dj_exc_value.with_traceback(traceback) from exc_value
  File "/usr/local/lib/python3.11/site-packages/django/db/backends/utils.py", line 89, in _execute
    return self.cursor.execute(sql, params)
           ^^^^^^^^^^^^^^^^^^^^^^^^^^^^^^^^
django.db.utils.ProgrammingError: column expedients_expedient.has_pending_updates does not exist
LINE 1: ..._by_id", "expedients_expedient"."approved_by_id", "expedient...
                                                             ^

ERROR 2026-06-11 16:51:49,988 basehttp 8 128417331668672 "GET /api/expedients/pending_docs/ HTTP/1.1" 500 183541
ERROR 2026-06-11 16:51:50,003 log 8 128417240446656 Internal Server Error: /api/expedients/pending_docs/
Traceback (most recent call last):
  File "/usr/local/lib/python3.11/site-packages/django/db/backends/utils.py", line 89, in _execute
    return self.cursor.execute(sql, params)
           ^^^^^^^^^^^^^^^^^^^^^^^^^^^^^^^^
psycopg2.errors.UndefinedColumn: column expedients_expedient.has_pending_updates does not exist
LINE 1: ..._by_id", "expedients_expedient"."approved_by_id", "expedient...
                                                             ^


The above exception was the direct cause of the following exception:

Traceback (most recent call last):
  File "/usr/local/lib/python3.11/site-packages/django/core/handlers/exception.py", line 55, in inner
    response = get_response(request)
               ^^^^^^^^^^^^^^^^^^^^^
  File "/usr/local/lib/python3.11/site-packages/django/core/handlers/base.py", line 197, in _get_response
    response = wrapped_callback(request, *callback_args, **callback_kwargs)
               ^^^^^^^^^^^^^^^^^^^^^^^^^^^^^^^^^^^^^^^^^^^^^^^^^^^^^^^^^^^^
  File "/usr/local/lib/python3.11/site-packages/django/views/decorators/csrf.py", line 56, in wrapper_view
    return view_func(*args, **kwargs)
           ^^^^^^^^^^^^^^^^^^^^^^^^^^
  File "/usr/local/lib/python3.11/site-packages/rest_framework/viewsets.py", line 125, in view
    return self.dispatch(request, *args, **kwargs)
           ^^^^^^^^^^^^^^^^^^^^^^^^^^^^^^^^^^^^^^^
  File "/usr/local/lib/python3.11/site-packages/rest_framework/views.py", line 515, in dispatch
    response = self.handle_exception(exc)
               ^^^^^^^^^^^^^^^^^^^^^^^^^^
  File "/usr/local/lib/python3.11/site-packages/rest_framework/views.py", line 475, in handle_exception
    self.raise_uncaught_exception(exc)
  File "/usr/local/lib/python3.11/site-packages/rest_framework/views.py", line 486, in raise_uncaught_exception
    raise exc
  File "/usr/local/lib/python3.11/site-packages/rest_framework/views.py", line 512, in dispatch
    response = handler(request, *args, **kwargs)
               ^^^^^^^^^^^^^^^^^^^^^^^^^^^^^^^^^
  File "/app/expedients/views.py", line 134, in pending_docs
    return Response(serializer.data)
                    ^^^^^^^^^^^^^^^
  File "/usr/local/lib/python3.11/site-packages/rest_framework/serializers.py", line 797, in data
    ret = super().data
          ^^^^^^^^^^^^
  File "/usr/local/lib/python3.11/site-packages/rest_framework/serializers.py", line 251, in data
    self._data = self.to_representation(self.instance)
                 ^^^^^^^^^^^^^^^^^^^^^^^^^^^^^^^^^^^^^
  File "/usr/local/lib/python3.11/site-packages/rest_framework/serializers.py", line 715, in to_representation
    return [
           ^
  File "/usr/local/lib/python3.11/site-packages/django/db/models/query.py", line 398, in __iter__
    self._fetch_all()
  File "/usr/local/lib/python3.11/site-packages/django/db/models/query.py", line 1881, in _fetch_all
    self._result_cache = list(self._iterable_class(self))
                         ^^^^^^^^^^^^^^^^^^^^^^^^^^^^^^^^
  File "/usr/local/lib/python3.11/site-packages/django/db/models/query.py", line 91, in __iter__
    results = compiler.execute_sql(
              ^^^^^^^^^^^^^^^^^^^^^
  File "/usr/local/lib/python3.11/site-packages/django/db/models/sql/compiler.py", line 1562, in execute_sql
    cursor.execute(sql, params)
  File "/usr/local/lib/python3.11/site-packages/django/db/backends/utils.py", line 102, in execute
    return super().execute(sql, params)
           ^^^^^^^^^^^^^^^^^^^^^^^^^^^^
  File "/usr/local/lib/python3.11/site-packages/django/db/backends/utils.py", line 67, in execute
    return self._execute_with_wrappers(
           ^^^^^^^^^^^^^^^^^^^^^^^^^^^^
  File "/usr/local/lib/python3.11/site-packages/django/db/backends/utils.py", line 80, in _execute_with_wrappers
    return executor(sql, params, many, context)
           ^^^^^^^^^^^^^^^^^^^^^^^^^^^^^^^^^^^^
  File "/usr/local/lib/python3.11/site-packages/django/db/backends/utils.py", line 84, in _execute
    with self.db.wrap_database_errors:
  File "/usr/local/lib/python3.11/site-packages/django/db/utils.py", line 91, in __exit__
    raise dj_exc_value.with_traceback(traceback) from exc_value
  File "/usr/local/lib/python3.11/site-packages/django/db/backends/utils.py", line 89, in _execute
    return self.cursor.execute(sql, params)
           ^^^^^^^^^^^^^^^^^^^^^^^^^^^^^^^^
django.db.utils.ProgrammingError: column expedients_expedient.has_pending_updates does not exist
LINE 1: ..._by_id", "expedients_expedient"."approved_by_id", "expedient...
                                                             ^

ERROR 2026-06-11 16:51:50,043 basehttp 8 128417240446656 "GET /api/expedients/pending_docs/ HTTP/1.1" 500 183541
ERROR 2026-06-11 16:52:31,357 log 8 128417240446656 Internal Server Error: /api/expedients/pending_admin/
Traceback (most recent call last):
  File "/usr/local/lib/python3.11/site-packages/django/db/backends/utils.py", line 89, in _execute
    return self.cursor.execute(sql, params)
           ^^^^^^^^^^^^^^^^^^^^^^^^^^^^^^^^
psycopg2.errors.UndefinedColumn: column expedients_expedient.has_pending_updates does not exist
LINE 1: ..._by_id", "expedients_expedient"."approved_by_id", "expedient...
                                                             ^


The above exception was the direct cause of the following exception:

Traceback (most recent call last):
  File "/usr/local/lib/python3.11/site-packages/django/core/handlers/exception.py", line 55, in inner
    response = get_response(request)
               ^^^^^^^^^^^^^^^^^^^^^
  File "/usr/local/lib/python3.11/site-packages/django/core/handlers/base.py", line 197, in _get_response
    response = wrapped_callback(request, *callback_args, **callback_kwargs)
               ^^^^^^^^^^^^^^^^^^^^^^^^^^^^^^^^^^^^^^^^^^^^^^^^^^^^^^^^^^^^
  File "/usr/local/lib/python3.11/site-packages/django/views/decorators/csrf.py", line 56, in wrapper_view
    return view_func(*args, **kwargs)
           ^^^^^^^^^^^^^^^^^^^^^^^^^^
  File "/usr/local/lib/python3.11/site-packages/rest_framework/viewsets.py", line 125, in view
    return self.dispatch(request, *args, **kwargs)
           ^^^^^^^^^^^^^^^^^^^^^^^^^^^^^^^^^^^^^^^
  File "/usr/local/lib/python3.11/site-packages/rest_framework/views.py", line 515, in dispatch
    response = self.handle_exception(exc)
               ^^^^^^^^^^^^^^^^^^^^^^^^^^
  File "/usr/local/lib/python3.11/site-packages/rest_framework/views.py", line 475, in handle_exception
    self.raise_uncaught_exception(exc)
  File "/usr/local/lib/python3.11/site-packages/rest_framework/views.py", line 486, in raise_uncaught_exception
    raise exc
  File "/usr/local/lib/python3.11/site-packages/rest_framework/views.py", line 512, in dispatch
    response = handler(request, *args, **kwargs)
               ^^^^^^^^^^^^^^^^^^^^^^^^^^^^^^^^^
  File "/app/expedients/views.py", line 372, in pending_admin
    return Response(serializer.data)
                    ^^^^^^^^^^^^^^^
  File "/usr/local/lib/python3.11/site-packages/rest_framework/serializers.py", line 797, in data
    ret = super().data
          ^^^^^^^^^^^^
  File "/usr/local/lib/python3.11/site-packages/rest_framework/serializers.py", line 251, in data
    self._data = self.to_representation(self.instance)
                 ^^^^^^^^^^^^^^^^^^^^^^^^^^^^^^^^^^^^^
  File "/usr/local/lib/python3.11/site-packages/rest_framework/serializers.py", line 715, in to_representation
    return [
           ^
  File "/usr/local/lib/python3.11/site-packages/django/db/models/query.py", line 398, in __iter__
    self._fetch_all()
  File "/usr/local/lib/python3.11/site-packages/django/db/models/query.py", line 1881, in _fetch_all
    self._result_cache = list(self._iterable_class(self))
                         ^^^^^^^^^^^^^^^^^^^^^^^^^^^^^^^^
  File "/usr/local/lib/python3.11/site-packages/django/db/models/query.py", line 91, in __iter__
    results = compiler.execute_sql(
              ^^^^^^^^^^^^^^^^^^^^^
  File "/usr/local/lib/python3.11/site-packages/django/db/models/sql/compiler.py", line 1562, in execute_sql
    cursor.execute(sql, params)
  File "/usr/local/lib/python3.11/site-packages/django/db/backends/utils.py", line 102, in execute
    return super().execute(sql, params)
           ^^^^^^^^^^^^^^^^^^^^^^^^^^^^
  File "/usr/local/lib/python3.11/site-packages/django/db/backends/utils.py", line 67, in execute
    return self._execute_with_wrappers(
           ^^^^^^^^^^^^^^^^^^^^^^^^^^^^
  File "/usr/local/lib/python3.11/site-packages/django/db/backends/utils.py", line 80, in _execute_with_wrappers
    return executor(sql, params, many, context)
           ^^^^^^^^^^^^^^^^^^^^^^^^^^^^^^^^^^^^
  File "/usr/local/lib/python3.11/site-packages/django/db/backends/utils.py", line 84, in _execute
    with self.db.wrap_database_errors:
  File "/usr/local/lib/python3.11/site-packages/django/db/utils.py", line 91, in __exit__
    raise dj_exc_value.with_traceback(traceback) from exc_value
  File "/usr/local/lib/python3.11/site-packages/django/db/backends/utils.py", line 89, in _execute
    return self.cursor.execute(sql, params)
           ^^^^^^^^^^^^^^^^^^^^^^^^^^^^^^^^
django.db.utils.ProgrammingError: column expedients_expedient.has_pending_updates does not exist
LINE 1: ..._by_id", "expedients_expedient"."approved_by_id", "expedient...
                                                             ^

ERROR 2026-06-11 16:52:31,407 basehttp 8 128417240446656 "GET /api/expedients/pending_admin/ HTTP/1.1" 500 187125
ERROR 2026-06-11 16:52:31,420 log 8 128417331668672 Internal Server Error: /api/expedients/approved/
Traceback (most recent call last):
  File "/usr/local/lib/python3.11/site-packages/django/db/backends/utils.py", line 89, in _execute
    return self.cursor.execute(sql, params)
           ^^^^^^^^^^^^^^^^^^^^^^^^^^^^^^^^
psycopg2.errors.UndefinedColumn: column expedients_expedient.has_pending_updates does not exist
LINE 1: ..._by_id", "expedients_expedient"."approved_by_id", "expedient...
                                                             ^


The above exception was the direct cause of the following exception:

Traceback (most recent call last):
  File "/usr/local/lib/python3.11/site-packages/django/core/handlers/exception.py", line 55, in inner
    response = get_response(request)
               ^^^^^^^^^^^^^^^^^^^^^
  File "/usr/local/lib/python3.11/site-packages/django/core/handlers/base.py", line 197, in _get_response
    response = wrapped_callback(request, *callback_args, **callback_kwargs)
               ^^^^^^^^^^^^^^^^^^^^^^^^^^^^^^^^^^^^^^^^^^^^^^^^^^^^^^^^^^^^
  File "/usr/local/lib/python3.11/site-packages/django/views/decorators/csrf.py", line 56, in wrapper_view
    return view_func(*args, **kwargs)
           ^^^^^^^^^^^^^^^^^^^^^^^^^^
  File "/usr/local/lib/python3.11/site-packages/rest_framework/viewsets.py", line 125, in view
    return self.dispatch(request, *args, **kwargs)
           ^^^^^^^^^^^^^^^^^^^^^^^^^^^^^^^^^^^^^^^
  File "/usr/local/lib/python3.11/site-packages/rest_framework/views.py", line 515, in dispatch
    response = self.handle_exception(exc)
               ^^^^^^^^^^^^^^^^^^^^^^^^^^
  File "/usr/local/lib/python3.11/site-packages/rest_framework/views.py", line 475, in handle_exception
    self.raise_uncaught_exception(exc)
  File "/usr/local/lib/python3.11/site-packages/rest_framework/views.py", line 486, in raise_uncaught_exception
    raise exc
  File "/usr/local/lib/python3.11/site-packages/rest_framework/views.py", line 512, in dispatch
    response = handler(request, *args, **kwargs)
               ^^^^^^^^^^^^^^^^^^^^^^^^^^^^^^^^^
  File "/app/expedients/views.py", line 381, in approved
    return Response(serializer.data)
                    ^^^^^^^^^^^^^^^
  File "/usr/local/lib/python3.11/site-packages/rest_framework/serializers.py", line 797, in data
    ret = super().data
          ^^^^^^^^^^^^
  File "/usr/local/lib/python3.11/site-packages/rest_framework/serializers.py", line 251, in data
    self._data = self.to_representation(self.instance)
                 ^^^^^^^^^^^^^^^^^^^^^^^^^^^^^^^^^^^^^
  File "/usr/local/lib/python3.11/site-packages/rest_framework/serializers.py", line 715, in to_representation
    return [
           ^
  File "/usr/local/lib/python3.11/site-packages/django/db/models/query.py", line 398, in __iter__
    self._fetch_all()
  File "/usr/local/lib/python3.11/site-packages/django/db/models/query.py", line 1881, in _fetch_all
    self._result_cache = list(self._iterable_class(self))
                         ^^^^^^^^^^^^^^^^^^^^^^^^^^^^^^^^
  File "/usr/local/lib/python3.11/site-packages/django/db/models/query.py", line 91, in __iter__
    results = compiler.execute_sql(
              ^^^^^^^^^^^^^^^^^^^^^
  File "/usr/local/lib/python3.11/site-packages/django/db/models/sql/compiler.py", line 1562, in execute_sql
    cursor.execute(sql, params)
  File "/usr/local/lib/python3.11/site-packages/django/db/backends/utils.py", line 102, in execute
    return super().execute(sql, params)
           ^^^^^^^^^^^^^^^^^^^^^^^^^^^^
  File "/usr/local/lib/python3.11/site-packages/django/db/backends/utils.py", line 67, in execute
    return self._execute_with_wrappers(
           ^^^^^^^^^^^^^^^^^^^^^^^^^^^^
  File "/usr/local/lib/python3.11/site-packages/django/db/backends/utils.py", line 80, in _execute_with_wrappers
    return executor(sql, params, many, context)
           ^^^^^^^^^^^^^^^^^^^^^^^^^^^^^^^^^^^^
  File "/usr/local/lib/python3.11/site-packages/django/db/backends/utils.py", line 84, in _execute
    with self.db.wrap_database_errors:
  File "/usr/local/lib/python3.11/site-packages/django/db/utils.py", line 91, in __exit__
    raise dj_exc_value.with_traceback(traceback) from exc_value
  File "/usr/local/lib/python3.11/site-packages/django/db/backends/utils.py", line 89, in _execute
    return self.cursor.execute(sql, params)
           ^^^^^^^^^^^^^^^^^^^^^^^^^^^^^^^^
django.db.utils.ProgrammingError: column expedients_expedient.has_pending_updates does not exist
LINE 1: ..._by_id", "expedients_expedient"."approved_by_id", "expedient...
                                                             ^

ERROR 2026-06-11 16:52:31,442 basehttp 8 128417331668672 "GET /api/expedients/approved/ HTTP/1.1" 500 187522
ERROR 2026-06-11 16:52:55,102 log 8 128417240446656 Internal Server Error: /api/expedients/pending_docs/
Traceback (most recent call last):
  File "/usr/local/lib/python3.11/site-packages/django/db/backends/utils.py", line 89, in _execute
    return self.cursor.execute(sql, params)
           ^^^^^^^^^^^^^^^^^^^^^^^^^^^^^^^^
psycopg2.errors.UndefinedColumn: column expedients_expedient.has_pending_updates does not exist
LINE 1: ..._by_id", "expedients_expedient"."approved_by_id", "expedient...
                                                             ^


The above exception was the direct cause of the following exception:

Traceback (most recent call last):
  File "/usr/local/lib/python3.11/site-packages/django/core/handlers/exception.py", line 55, in inner
    response = get_response(request)
               ^^^^^^^^^^^^^^^^^^^^^
  File "/usr/local/lib/python3.11/site-packages/django/core/handlers/base.py", line 197, in _get_response
    response = wrapped_callback(request, *callback_args, **callback_kwargs)
               ^^^^^^^^^^^^^^^^^^^^^^^^^^^^^^^^^^^^^^^^^^^^^^^^^^^^^^^^^^^^
  File "/usr/local/lib/python3.11/site-packages/django/views/decorators/csrf.py", line 56, in wrapper_view
    return view_func(*args, **kwargs)
           ^^^^^^^^^^^^^^^^^^^^^^^^^^
  File "/usr/local/lib/python3.11/site-packages/rest_framework/viewsets.py", line 125, in view
    return self.dispatch(request, *args, **kwargs)
           ^^^^^^^^^^^^^^^^^^^^^^^^^^^^^^^^^^^^^^^
  File "/usr/local/lib/python3.11/site-packages/rest_framework/views.py", line 515, in dispatch
    response = self.handle_exception(exc)
               ^^^^^^^^^^^^^^^^^^^^^^^^^^
  File "/usr/local/lib/python3.11/site-packages/rest_framework/views.py", line 475, in handle_exception
    self.raise_uncaught_exception(exc)
  File "/usr/local/lib/python3.11/site-packages/rest_framework/views.py", line 486, in raise_uncaught_exception
    raise exc
  File "/usr/local/lib/python3.11/site-packages/rest_framework/views.py", line 512, in dispatch
    response = handler(request, *args, **kwargs)
               ^^^^^^^^^^^^^^^^^^^^^^^^^^^^^^^^^
  File "/app/expedients/views.py", line 134, in pending_docs
    return Response(serializer.data)
                    ^^^^^^^^^^^^^^^
  File "/usr/local/lib/python3.11/site-packages/rest_framework/serializers.py", line 797, in data
    ret = super().data
          ^^^^^^^^^^^^
  File "/usr/local/lib/python3.11/site-packages/rest_framework/serializers.py", line 251, in data
    self._data = self.to_representation(self.instance)
                 ^^^^^^^^^^^^^^^^^^^^^^^^^^^^^^^^^^^^^
  File "/usr/local/lib/python3.11/site-packages/rest_framework/serializers.py", line 715, in to_representation
    return [
           ^
  File "/usr/local/lib/python3.11/site-packages/django/db/models/query.py", line 398, in __iter__
    self._fetch_all()
  File "/usr/local/lib/python3.11/site-packages/django/db/models/query.py", line 1881, in _fetch_all
    self._result_cache = list(self._iterable_class(self))
                         ^^^^^^^^^^^^^^^^^^^^^^^^^^^^^^^^
  File "/usr/local/lib/python3.11/site-packages/django/db/models/query.py", line 91, in __iter__
    results = compiler.execute_sql(
              ^^^^^^^^^^^^^^^^^^^^^
  File "/usr/local/lib/python3.11/site-packages/django/db/models/sql/compiler.py", line 1562, in execute_sql
    cursor.execute(sql, params)
  File "/usr/local/lib/python3.11/site-packages/django/db/backends/utils.py", line 102, in execute
    return super().execute(sql, params)
           ^^^^^^^^^^^^^^^^^^^^^^^^^^^^
  File "/usr/local/lib/python3.11/site-packages/django/db/backends/utils.py", line 67, in execute
    return self._execute_with_wrappers(
           ^^^^^^^^^^^^^^^^^^^^^^^^^^^^
  File "/usr/local/lib/python3.11/site-packages/django/db/backends/utils.py", line 80, in _execute_with_wrappers
    return executor(sql, params, many, context)
           ^^^^^^^^^^^^^^^^^^^^^^^^^^^^^^^^^^^^
  File "/usr/local/lib/python3.11/site-packages/django/db/backends/utils.py", line 84, in _execute
    with self.db.wrap_database_errors:
  File "/usr/local/lib/python3.11/site-packages/django/db/utils.py", line 91, in __exit__
    raise dj_exc_value.with_traceback(traceback) from exc_value
  File "/usr/local/lib/python3.11/site-packages/django/db/backends/utils.py", line 89, in _execute
    return self.cursor.execute(sql, params)
           ^^^^^^^^^^^^^^^^^^^^^^^^^^^^^^^^
django.db.utils.ProgrammingError: column expedients_expedient.has_pending_updates does not exist
LINE 1: ..._by_id", "expedients_expedient"."approved_by_id", "expedient...
                                                             ^

ERROR 2026-06-11 16:52:55,178 log 8 128417331668672 Internal Server Error: /api/expedients/pending_docs/
Traceback (most recent call last):
  File "/usr/local/lib/python3.11/site-packages/django/db/backends/utils.py", line 89, in _execute
    return self.cursor.execute(sql, params)
           ^^^^^^^^^^^^^^^^^^^^^^^^^^^^^^^^
psycopg2.errors.UndefinedColumn: column expedients_expedient.has_pending_updates does not exist
LINE 1: ..._by_id", "expedients_expedient"."approved_by_id", "expedient...
                                                             ^


The above exception was the direct cause of the following exception:

Traceback (most recent call last):
  File "/usr/local/lib/python3.11/site-packages/django/core/handlers/exception.py", line 55, in inner
    response = get_response(request)
               ^^^^^^^^^^^^^^^^^^^^^
  File "/usr/local/lib/python3.11/site-packages/django/core/handlers/base.py", line 197, in _get_response
    response = wrapped_callback(request, *callback_args, **callback_kwargs)
               ^^^^^^^^^^^^^^^^^^^^^^^^^^^^^^^^^^^^^^^^^^^^^^^^^^^^^^^^^^^^
  File "/usr/local/lib/python3.11/site-packages/django/views/decorators/csrf.py", line 56, in wrapper_view
    return view_func(*args, **kwargs)
           ^^^^^^^^^^^^^^^^^^^^^^^^^^
  File "/usr/local/lib/python3.11/site-packages/rest_framework/viewsets.py", line 125, in view
    return self.dispatch(request, *args, **kwargs)
           ^^^^^^^^^^^^^^^^^^^^^^^^^^^^^^^^^^^^^^^
  File "/usr/local/lib/python3.11/site-packages/rest_framework/views.py", line 515, in dispatch
    response = self.handle_exception(exc)
               ^^^^^^^^^^^^^^^^^^^^^^^^^^
  File "/usr/local/lib/python3.11/site-packages/rest_framework/views.py", line 475, in handle_exception
    self.raise_uncaught_exception(exc)
  File "/usr/local/lib/python3.11/site-packages/rest_framework/views.py", line 486, in raise_uncaught_exception
    raise exc
  File "/usr/local/lib/python3.11/site-packages/rest_framework/views.py", line 512, in dispatch
    response = handler(request, *args, **kwargs)
               ^^^^^^^^^^^^^^^^^^^^^^^^^^^^^^^^^
  File "/app/expedients/views.py", line 134, in pending_docs
    return Response(serializer.data)
                    ^^^^^^^^^^^^^^^
  File "/usr/local/lib/python3.11/site-packages/rest_framework/serializers.py", line 797, in data
    ret = super().data
          ^^^^^^^^^^^^
  File "/usr/local/lib/python3.11/site-packages/rest_framework/serializers.py", line 251, in data
    self._data = self.to_representation(self.instance)
                 ^^^^^^^^^^^^^^^^^^^^^^^^^^^^^^^^^^^^^
  File "/usr/local/lib/python3.11/site-packages/rest_framework/serializers.py", line 715, in to_representation
    return [
           ^
  File "/usr/local/lib/python3.11/site-packages/django/db/models/query.py", line 398, in __iter__
    self._fetch_all()
  File "/usr/local/lib/python3.11/site-packages/django/db/models/query.py", line 1881, in _fetch_all
    self._result_cache = list(self._iterable_class(self))
                         ^^^^^^^^^^^^^^^^^^^^^^^^^^^^^^^^
  File "/usr/local/lib/python3.11/site-packages/django/db/models/query.py", line 91, in __iter__
    results = compiler.execute_sql(
              ^^^^^^^^^^^^^^^^^^^^^
  File "/usr/local/lib/python3.11/site-packages/django/db/models/sql/compiler.py", line 1562, in execute_sql
    cursor.execute(sql, params)
  File "/usr/local/lib/python3.11/site-packages/django/db/backends/utils.py", line 102, in execute
    return super().execute(sql, params)
           ^^^^^^^^^^^^^^^^^^^^^^^^^^^^
  File "/usr/local/lib/python3.11/site-packages/django/db/backends/utils.py", line 67, in execute
    return self._execute_with_wrappers(
           ^^^^^^^^^^^^^^^^^^^^^^^^^^^^
  File "/usr/local/lib/python3.11/site-packages/django/db/backends/utils.py", line 80, in _execute_with_wrappers
    return executor(sql, params, many, context)
           ^^^^^^^^^^^^^^^^^^^^^^^^^^^^^^^^^^^^
  File "/usr/local/lib/python3.11/site-packages/django/db/backends/utils.py", line 84, in _execute
    with self.db.wrap_database_errors:
  File "/usr/local/lib/python3.11/site-packages/django/db/utils.py", line 91, in __exit__
    raise dj_exc_value.with_traceback(traceback) from exc_value
  File "/usr/local/lib/python3.11/site-packages/django/db/backends/utils.py", line 89, in _execute
    return self.cursor.execute(sql, params)
           ^^^^^^^^^^^^^^^^^^^^^^^^^^^^^^^^
django.db.utils.ProgrammingError: column expedients_expedient.has_pending_updates does not exist
LINE 1: ..._by_id", "expedients_expedient"."approved_by_id", "expedient...
                                                             ^

ERROR 2026-06-11 16:52:55,181 basehttp 8 128417240446656 "GET /api/expedients/pending_docs/ HTTP/1.1" 500 183541
ERROR 2026-06-11 16:52:55,211 basehttp 8 128417331668672 "GET /api/expedients/pending_docs/ HTTP/1.1" 500 183541
ERROR 2026-06-11 16:53:00,639 log 8 128417240446656 Internal Server Error: /api/expedients/pending_admin/
Traceback (most recent call last):
  File "/usr/local/lib/python3.11/site-packages/django/db/backends/utils.py", line 89, in _execute
    return self.cursor.execute(sql, params)
           ^^^^^^^^^^^^^^^^^^^^^^^^^^^^^^^^
psycopg2.errors.UndefinedColumn: column expedients_expedient.has_pending_updates does not exist
LINE 1: ..._by_id", "expedients_expedient"."approved_by_id", "expedient...
                                                             ^


The above exception was the direct cause of the following exception:

Traceback (most recent call last):
  File "/usr/local/lib/python3.11/site-packages/django/core/handlers/exception.py", line 55, in inner
    response = get_response(request)
               ^^^^^^^^^^^^^^^^^^^^^
  File "/usr/local/lib/python3.11/site-packages/django/core/handlers/base.py", line 197, in _get_response
    response = wrapped_callback(request, *callback_args, **callback_kwargs)
               ^^^^^^^^^^^^^^^^^^^^^^^^^^^^^^^^^^^^^^^^^^^^^^^^^^^^^^^^^^^^
  File "/usr/local/lib/python3.11/site-packages/django/views/decorators/csrf.py", line 56, in wrapper_view
    return view_func(*args, **kwargs)
           ^^^^^^^^^^^^^^^^^^^^^^^^^^
  File "/usr/local/lib/python3.11/site-packages/rest_framework/viewsets.py", line 125, in view
    return self.dispatch(request, *args, **kwargs)
           ^^^^^^^^^^^^^^^^^^^^^^^^^^^^^^^^^^^^^^^
  File "/usr/local/lib/python3.11/site-packages/rest_framework/views.py", line 515, in dispatch
    response = self.handle_exception(exc)
               ^^^^^^^^^^^^^^^^^^^^^^^^^^
  File "/usr/local/lib/python3.11/site-packages/rest_framework/views.py", line 475, in handle_exception
    self.raise_uncaught_exception(exc)
  File "/usr/local/lib/python3.11/site-packages/rest_framework/views.py", line 486, in raise_uncaught_exception
    raise exc
  File "/usr/local/lib/python3.11/site-packages/rest_framework/views.py", line 512, in dispatch
    response = handler(request, *args, **kwargs)
               ^^^^^^^^^^^^^^^^^^^^^^^^^^^^^^^^^
  File "/app/expedients/views.py", line 372, in pending_admin
    return Response(serializer.data)
                    ^^^^^^^^^^^^^^^
  File "/usr/local/lib/python3.11/site-packages/rest_framework/serializers.py", line 797, in data
    ret = super().data
          ^^^^^^^^^^^^
  File "/usr/local/lib/python3.11/site-packages/rest_framework/serializers.py", line 251, in data
    self._data = self.to_representation(self.instance)
                 ^^^^^^^^^^^^^^^^^^^^^^^^^^^^^^^^^^^^^
  File "/usr/local/lib/python3.11/site-packages/rest_framework/serializers.py", line 715, in to_representation
    return [
           ^
  File "/usr/local/lib/python3.11/site-packages/django/db/models/query.py", line 398, in __iter__
    self._fetch_all()
  File "/usr/local/lib/python3.11/site-packages/django/db/models/query.py", line 1881, in _fetch_all
    self._result_cache = list(self._iterable_class(self))
                         ^^^^^^^^^^^^^^^^^^^^^^^^^^^^^^^^
  File "/usr/local/lib/python3.11/site-packages/django/db/models/query.py", line 91, in __iter__
    results = compiler.execute_sql(
              ^^^^^^^^^^^^^^^^^^^^^
  File "/usr/local/lib/python3.11/site-packages/django/db/models/sql/compiler.py", line 1562, in execute_sql
    cursor.execute(sql, params)
  File "/usr/local/lib/python3.11/site-packages/django/db/backends/utils.py", line 102, in execute
    return super().execute(sql, params)
           ^^^^^^^^^^^^^^^^^^^^^^^^^^^^
  File "/usr/local/lib/python3.11/site-packages/django/db/backends/utils.py", line 67, in execute
    return self._execute_with_wrappers(
           ^^^^^^^^^^^^^^^^^^^^^^^^^^^^
  File "/usr/local/lib/python3.11/site-packages/django/db/backends/utils.py", line 80, in _execute_with_wrappers
    return executor(sql, params, many, context)
           ^^^^^^^^^^^^^^^^^^^^^^^^^^^^^^^^^^^^
  File "/usr/local/lib/python3.11/site-packages/django/db/backends/utils.py", line 84, in _execute
    with self.db.wrap_database_errors:
  File "/usr/local/lib/python3.11/site-packages/django/db/utils.py", line 91, in __exit__
    raise dj_exc_value.with_traceback(traceback) from exc_value
  File "/usr/local/lib/python3.11/site-packages/django/db/backends/utils.py", line 89, in _execute
    return self.cursor.execute(sql, params)
           ^^^^^^^^^^^^^^^^^^^^^^^^^^^^^^^^
django.db.utils.ProgrammingError: column expedients_expedient.has_pending_updates does not exist
LINE 1: ..._by_id", "expedients_expedient"."approved_by_id", "expedient...
                                                             ^

ERROR 2026-06-11 16:53:00,714 basehttp 8 128417240446656 "GET /api/expedients/pending_admin/ HTTP/1.1" 500 187125
ERROR 2026-06-11 16:53:00,780 log 8 128417331668672 Internal Server Error: /api/expedients/approved/
Traceback (most recent call last):
  File "/usr/local/lib/python3.11/site-packages/django/db/backends/utils.py", line 89, in _execute
    return self.cursor.execute(sql, params)
           ^^^^^^^^^^^^^^^^^^^^^^^^^^^^^^^^
psycopg2.errors.UndefinedColumn: column expedients_expedient.has_pending_updates does not exist
LINE 1: ..._by_id", "expedients_expedient"."approved_by_id", "expedient...
                                                             ^


The above exception was the direct cause of the following exception:

Traceback (most recent call last):
  File "/usr/local/lib/python3.11/site-packages/django/core/handlers/exception.py", line 55, in inner
    response = get_response(request)
               ^^^^^^^^^^^^^^^^^^^^^
  File "/usr/local/lib/python3.11/site-packages/django/core/handlers/base.py", line 197, in _get_response
    response = wrapped_callback(request, *callback_args, **callback_kwargs)
               ^^^^^^^^^^^^^^^^^^^^^^^^^^^^^^^^^^^^^^^^^^^^^^^^^^^^^^^^^^^^
  File "/usr/local/lib/python3.11/site-packages/django/views/decorators/csrf.py", line 56, in wrapper_view
    return view_func(*args, **kwargs)
           ^^^^^^^^^^^^^^^^^^^^^^^^^^
  File "/usr/local/lib/python3.11/site-packages/rest_framework/viewsets.py", line 125, in view
    return self.dispatch(request, *args, **kwargs)
           ^^^^^^^^^^^^^^^^^^^^^^^^^^^^^^^^^^^^^^^
  File "/usr/local/lib/python3.11/site-packages/rest_framework/views.py", line 515, in dispatch
    response = self.handle_exception(exc)
               ^^^^^^^^^^^^^^^^^^^^^^^^^^
  File "/usr/local/lib/python3.11/site-packages/rest_framework/views.py", line 475, in handle_exception
    self.raise_uncaught_exception(exc)
  File "/usr/local/lib/python3.11/site-packages/rest_framework/views.py", line 486, in raise_uncaught_exception
    raise exc
  File "/usr/local/lib/python3.11/site-packages/rest_framework/views.py", line 512, in dispatch
    response = handler(request, *args, **kwargs)
               ^^^^^^^^^^^^^^^^^^^^^^^^^^^^^^^^^
  File "/app/expedients/views.py", line 381, in approved
    return Response(serializer.data)
                    ^^^^^^^^^^^^^^^
  File "/usr/local/lib/python3.11/site-packages/rest_framework/serializers.py", line 797, in data
    ret = super().data
          ^^^^^^^^^^^^
  File "/usr/local/lib/python3.11/site-packages/rest_framework/serializers.py", line 251, in data
    self._data = self.to_representation(self.instance)
                 ^^^^^^^^^^^^^^^^^^^^^^^^^^^^^^^^^^^^^
  File "/usr/local/lib/python3.11/site-packages/rest_framework/serializers.py", line 715, in to_representation
    return [
           ^
  File "/usr/local/lib/python3.11/site-packages/django/db/models/query.py", line 398, in __iter__
    self._fetch_all()
  File "/usr/local/lib/python3.11/site-packages/django/db/models/query.py", line 1881, in _fetch_all
    self._result_cache = list(self._iterable_class(self))
                         ^^^^^^^^^^^^^^^^^^^^^^^^^^^^^^^^
  File "/usr/local/lib/python3.11/site-packages/django/db/models/query.py", line 91, in __iter__
    results = compiler.execute_sql(
              ^^^^^^^^^^^^^^^^^^^^^
  File "/usr/local/lib/python3.11/site-packages/django/db/models/sql/compiler.py", line 1562, in execute_sql
    cursor.execute(sql, params)
  File "/usr/local/lib/python3.11/site-packages/django/db/backends/utils.py", line 102, in execute
    return super().execute(sql, params)
           ^^^^^^^^^^^^^^^^^^^^^^^^^^^^
  File "/usr/local/lib/python3.11/site-packages/django/db/backends/utils.py", line 67, in execute
    return self._execute_with_wrappers(
           ^^^^^^^^^^^^^^^^^^^^^^^^^^^^
  File "/usr/local/lib/python3.11/site-packages/django/db/backends/utils.py", line 80, in _execute_with_wrappers
    return executor(sql, params, many, context)
           ^^^^^^^^^^^^^^^^^^^^^^^^^^^^^^^^^^^^
  File "/usr/local/lib/python3.11/site-packages/django/db/backends/utils.py", line 84, in _execute
    with self.db.wrap_database_errors:
  File "/usr/local/lib/python3.11/site-packages/django/db/utils.py", line 91, in __exit__
    raise dj_exc_value.with_traceback(traceback) from exc_value
  File "/usr/local/lib/python3.11/site-packages/django/db/backends/utils.py", line 89, in _execute
    return self.cursor.execute(sql, params)
           ^^^^^^^^^^^^^^^^^^^^^^^^^^^^^^^^
django.db.utils.ProgrammingError: column expedients_expedient.has_pending_updates does not exist
LINE 1: ..._by_id", "expedients_expedient"."approved_by_id", "expedient...
                                                             ^

ERROR 2026-06-11 16:53:00,805 basehttp 8 128417331668672 "GET /api/expedients/approved/ HTTP/1.1" 500 187522
WARNING 2026-06-11 16:53:05,067 log 8 128417331668672 Unauthorized: /users/api/v1/me/
WARNING 2026-06-11 16:53:05,071 basehttp 8 128417331668672 "GET /users/api/v1/me/ HTTP/1.1" 401 58
WARNING 2026-06-11 16:53:05,119 log 8 128417240446656 Bad Request: /users/api/v1/token/refresh/
WARNING 2026-06-11 16:53:05,121 basehttp 8 128417240446656 "POST /users/api/v1/token/refresh/ HTTP/1.1" 400 39
ERROR 2026-06-11 16:53:09,842 log 8 128417240446656 Internal Server Error: /api/expedients/
Traceback (most recent call last):
  File "/usr/local/lib/python3.11/site-packages/django/db/backends/utils.py", line 89, in _execute
    return self.cursor.execute(sql, params)
           ^^^^^^^^^^^^^^^^^^^^^^^^^^^^^^^^
psycopg2.errors.UndefinedColumn: column expedients_expedient.has_pending_updates does not exist
LINE 1: ..._by_id", "expedients_expedient"."approved_by_id", "expedient...
                                                             ^


The above exception was the direct cause of the following exception:

Traceback (most recent call last):
  File "/usr/local/lib/python3.11/site-packages/django/core/handlers/exception.py", line 55, in inner
    response = get_response(request)
               ^^^^^^^^^^^^^^^^^^^^^
  File "/usr/local/lib/python3.11/site-packages/django/core/handlers/base.py", line 197, in _get_response
    response = wrapped_callback(request, *callback_args, **callback_kwargs)
               ^^^^^^^^^^^^^^^^^^^^^^^^^^^^^^^^^^^^^^^^^^^^^^^^^^^^^^^^^^^^
  File "/usr/local/lib/python3.11/site-packages/django/views/decorators/csrf.py", line 56, in wrapper_view
    return view_func(*args, **kwargs)
           ^^^^^^^^^^^^^^^^^^^^^^^^^^
  File "/usr/local/lib/python3.11/site-packages/rest_framework/viewsets.py", line 125, in view
    return self.dispatch(request, *args, **kwargs)
           ^^^^^^^^^^^^^^^^^^^^^^^^^^^^^^^^^^^^^^^
  File "/usr/local/lib/python3.11/site-packages/rest_framework/views.py", line 515, in dispatch
    response = self.handle_exception(exc)
               ^^^^^^^^^^^^^^^^^^^^^^^^^^
  File "/usr/local/lib/python3.11/site-packages/rest_framework/views.py", line 475, in handle_exception
    self.raise_uncaught_exception(exc)
  File "/usr/local/lib/python3.11/site-packages/rest_framework/views.py", line 486, in raise_uncaught_exception
    raise exc
  File "/usr/local/lib/python3.11/site-packages/rest_framework/views.py", line 512, in dispatch
    response = handler(request, *args, **kwargs)
               ^^^^^^^^^^^^^^^^^^^^^^^^^^^^^^^^^
  File "/usr/local/lib/python3.11/site-packages/rest_framework/mixins.py", line 46, in list
    return Response(serializer.data)
                    ^^^^^^^^^^^^^^^
  File "/usr/local/lib/python3.11/site-packages/rest_framework/serializers.py", line 797, in data
    ret = super().data
          ^^^^^^^^^^^^
  File "/usr/local/lib/python3.11/site-packages/rest_framework/serializers.py", line 251, in data
    self._data = self.to_representation(self.instance)
                 ^^^^^^^^^^^^^^^^^^^^^^^^^^^^^^^^^^^^^
  File "/usr/local/lib/python3.11/site-packages/rest_framework/serializers.py", line 715, in to_representation
    return [
           ^
  File "/usr/local/lib/python3.11/site-packages/django/db/models/query.py", line 398, in __iter__
    self._fetch_all()
  File "/usr/local/lib/python3.11/site-packages/django/db/models/query.py", line 1881, in _fetch_all
    self._result_cache = list(self._iterable_class(self))
                         ^^^^^^^^^^^^^^^^^^^^^^^^^^^^^^^^
  File "/usr/local/lib/python3.11/site-packages/django/db/models/query.py", line 91, in __iter__
    results = compiler.execute_sql(
              ^^^^^^^^^^^^^^^^^^^^^
  File "/usr/local/lib/python3.11/site-packages/django/db/models/sql/compiler.py", line 1562, in execute_sql
    cursor.execute(sql, params)
  File "/usr/local/lib/python3.11/site-packages/django/db/backends/utils.py", line 102, in execute
    return super().execute(sql, params)
           ^^^^^^^^^^^^^^^^^^^^^^^^^^^^
  File "/usr/local/lib/python3.11/site-packages/django/db/backends/utils.py", line 67, in execute
    return self._execute_with_wrappers(
           ^^^^^^^^^^^^^^^^^^^^^^^^^^^^
  File "/usr/local/lib/python3.11/site-packages/django/db/backends/utils.py", line 80, in _execute_with_wrappers
    return executor(sql, params, many, context)
           ^^^^^^^^^^^^^^^^^^^^^^^^^^^^^^^^^^^^
  File "/usr/local/lib/python3.11/site-packages/django/db/backends/utils.py", line 84, in _execute
    with self.db.wrap_database_errors:
  File "/usr/local/lib/python3.11/site-packages/django/db/utils.py", line 91, in __exit__
    raise dj_exc_value.with_traceback(traceback) from exc_value
  File "/usr/local/lib/python3.11/site-packages/django/db/backends/utils.py", line 89, in _execute
    return self.cursor.execute(sql, params)
           ^^^^^^^^^^^^^^^^^^^^^^^^^^^^^^^^
django.db.utils.ProgrammingError: column expedients_expedient.has_pending_updates does not exist
LINE 1: ..._by_id", "expedients_expedient"."approved_by_id", "expedient...
                                                             ^

ERROR 2026-06-11 16:53:09,857 basehttp 8 128417240446656 "GET /api/expedients/ HTTP/1.1" 500 186592
WARNING 2026-06-11 16:53:22,510 log 8 128417331668672 Not Found: /api/users/api/v1/
WARNING 2026-06-11 16:53:22,522 basehttp 8 128417331668672 "GET /api/users/api/v1/ HTTP/1.1" 404 4743
ERROR 2026-06-11 16:53:22,757 log 8 128417240446656 Internal Server Error: /api/expedients/
Traceback (most recent call last):
  File "/usr/local/lib/python3.11/site-packages/django/db/backends/utils.py", line 89, in _execute
    return self.cursor.execute(sql, params)
           ^^^^^^^^^^^^^^^^^^^^^^^^^^^^^^^^
psycopg2.errors.UndefinedColumn: column expedients_expedient.has_pending_updates does not exist
LINE 1: ..._by_id", "expedients_expedient"."approved_by_id", "expedient...
                                                             ^


The above exception was the direct cause of the following exception:

Traceback (most recent call last):
  File "/usr/local/lib/python3.11/site-packages/django/core/handlers/exception.py", line 55, in inner
    response = get_response(request)
               ^^^^^^^^^^^^^^^^^^^^^
  File "/usr/local/lib/python3.11/site-packages/django/core/handlers/base.py", line 197, in _get_response
    response = wrapped_callback(request, *callback_args, **callback_kwargs)
               ^^^^^^^^^^^^^^^^^^^^^^^^^^^^^^^^^^^^^^^^^^^^^^^^^^^^^^^^^^^^
  File "/usr/local/lib/python3.11/site-packages/django/views/decorators/csrf.py", line 56, in wrapper_view
    return view_func(*args, **kwargs)
           ^^^^^^^^^^^^^^^^^^^^^^^^^^
  File "/usr/local/lib/python3.11/site-packages/rest_framework/viewsets.py", line 125, in view
    return self.dispatch(request, *args, **kwargs)
           ^^^^^^^^^^^^^^^^^^^^^^^^^^^^^^^^^^^^^^^
  File "/usr/local/lib/python3.11/site-packages/rest_framework/views.py", line 515, in dispatch
    response = self.handle_exception(exc)
               ^^^^^^^^^^^^^^^^^^^^^^^^^^
  File "/usr/local/lib/python3.11/site-packages/rest_framework/views.py", line 475, in handle_exception
    self.raise_uncaught_exception(exc)
  File "/usr/local/lib/python3.11/site-packages/rest_framework/views.py", line 486, in raise_uncaught_exception
    raise exc
  File "/usr/local/lib/python3.11/site-packages/rest_framework/views.py", line 512, in dispatch
    response = handler(request, *args, **kwargs)
               ^^^^^^^^^^^^^^^^^^^^^^^^^^^^^^^^^
  File "/usr/local/lib/python3.11/site-packages/rest_framework/mixins.py", line 46, in list
    return Response(serializer.data)
                    ^^^^^^^^^^^^^^^
  File "/usr/local/lib/python3.11/site-packages/rest_framework/serializers.py", line 797, in data
    ret = super().data
          ^^^^^^^^^^^^
  File "/usr/local/lib/python3.11/site-packages/rest_framework/serializers.py", line 251, in data
    self._data = self.to_representation(self.instance)
                 ^^^^^^^^^^^^^^^^^^^^^^^^^^^^^^^^^^^^^
  File "/usr/local/lib/python3.11/site-packages/rest_framework/serializers.py", line 715, in to_representation
    return [
           ^
  File "/usr/local/lib/python3.11/site-packages/django/db/models/query.py", line 398, in __iter__
    self._fetch_all()
  File "/usr/local/lib/python3.11/site-packages/django/db/models/query.py", line 1881, in _fetch_all
    self._result_cache = list(self._iterable_class(self))
                         ^^^^^^^^^^^^^^^^^^^^^^^^^^^^^^^^
  File "/usr/local/lib/python3.11/site-packages/django/db/models/query.py", line 91, in __iter__
    results = compiler.execute_sql(
              ^^^^^^^^^^^^^^^^^^^^^
  File "/usr/local/lib/python3.11/site-packages/django/db/models/sql/compiler.py", line 1562, in execute_sql
    cursor.execute(sql, params)
  File "/usr/local/lib/python3.11/site-packages/django/db/backends/utils.py", line 102, in execute
    return super().execute(sql, params)
           ^^^^^^^^^^^^^^^^^^^^^^^^^^^^
  File "/usr/local/lib/python3.11/site-packages/django/db/backends/utils.py", line 67, in execute
    return self._execute_with_wrappers(
           ^^^^^^^^^^^^^^^^^^^^^^^^^^^^
  File "/usr/local/lib/python3.11/site-packages/django/db/backends/utils.py", line 80, in _execute_with_wrappers
    return executor(sql, params, many, context)
           ^^^^^^^^^^^^^^^^^^^^^^^^^^^^^^^^^^^^
  File "/usr/local/lib/python3.11/site-packages/django/db/backends/utils.py", line 84, in _execute
    with self.db.wrap_database_errors:
  File "/usr/local/lib/python3.11/site-packages/django/db/utils.py", line 91, in __exit__
    raise dj_exc_value.with_traceback(traceback) from exc_value
  File "/usr/local/lib/python3.11/site-packages/django/db/backends/utils.py", line 89, in _execute
    return self.cursor.execute(sql, params)
           ^^^^^^^^^^^^^^^^^^^^^^^^^^^^^^^^
django.db.utils.ProgrammingError: column expedients_expedient.has_pending_updates does not exist
LINE 1: ..._by_id", "expedients_expedient"."approved_by_id", "expedient...
                                                             ^

ERROR 2026-06-11 16:53:22,767 basehttp 8 128417240446656 "GET /api/expedients/ HTTP/1.1" 500 186592
ERROR 2026-06-11 16:53:29,273 log 8 128417331668672 Internal Server Error: /api/expedients/
Traceback (most recent call last):
  File "/usr/local/lib/python3.11/site-packages/django/db/backends/utils.py", line 89, in _execute
    return self.cursor.execute(sql, params)
           ^^^^^^^^^^^^^^^^^^^^^^^^^^^^^^^^
psycopg2.errors.UndefinedColumn: column expedients_expedient.has_pending_updates does not exist
LINE 1: ..._by_id", "expedients_expedient"."approved_by_id", "expedient...
                                                             ^


The above exception was the direct cause of the following exception:

Traceback (most recent call last):
  File "/usr/local/lib/python3.11/site-packages/django/core/handlers/exception.py", line 55, in inner
    response = get_response(request)
               ^^^^^^^^^^^^^^^^^^^^^
  File "/usr/local/lib/python3.11/site-packages/django/core/handlers/base.py", line 197, in _get_response
    response = wrapped_callback(request, *callback_args, **callback_kwargs)
               ^^^^^^^^^^^^^^^^^^^^^^^^^^^^^^^^^^^^^^^^^^^^^^^^^^^^^^^^^^^^
  File "/usr/local/lib/python3.11/site-packages/django/views/decorators/csrf.py", line 56, in wrapper_view
    return view_func(*args, **kwargs)
           ^^^^^^^^^^^^^^^^^^^^^^^^^^
  File "/usr/local/lib/python3.11/site-packages/rest_framework/viewsets.py", line 125, in view
    return self.dispatch(request, *args, **kwargs)
           ^^^^^^^^^^^^^^^^^^^^^^^^^^^^^^^^^^^^^^^
  File "/usr/local/lib/python3.11/site-packages/rest_framework/views.py", line 515, in dispatch
    response = self.handle_exception(exc)
               ^^^^^^^^^^^^^^^^^^^^^^^^^^
  File "/usr/local/lib/python3.11/site-packages/rest_framework/views.py", line 475, in handle_exception
    self.raise_uncaught_exception(exc)
  File "/usr/local/lib/python3.11/site-packages/rest_framework/views.py", line 486, in raise_uncaught_exception
    raise exc
  File "/usr/local/lib/python3.11/site-packages/rest_framework/views.py", line 512, in dispatch
    response = handler(request, *args, **kwargs)
               ^^^^^^^^^^^^^^^^^^^^^^^^^^^^^^^^^
  File "/usr/local/lib/python3.11/site-packages/rest_framework/mixins.py", line 46, in list
    return Response(serializer.data)
                    ^^^^^^^^^^^^^^^
  File "/usr/local/lib/python3.11/site-packages/rest_framework/serializers.py", line 797, in data
    ret = super().data
          ^^^^^^^^^^^^
  File "/usr/local/lib/python3.11/site-packages/rest_framework/serializers.py", line 251, in data
    self._data = self.to_representation(self.instance)
                 ^^^^^^^^^^^^^^^^^^^^^^^^^^^^^^^^^^^^^
  File "/usr/local/lib/python3.11/site-packages/rest_framework/serializers.py", line 715, in to_representation
    return [
           ^
  File "/usr/local/lib/python3.11/site-packages/django/db/models/query.py", line 398, in __iter__
    self._fetch_all()
  File "/usr/local/lib/python3.11/site-packages/django/db/models/query.py", line 1881, in _fetch_all
    self._result_cache = list(self._iterable_class(self))
                         ^^^^^^^^^^^^^^^^^^^^^^^^^^^^^^^^
  File "/usr/local/lib/python3.11/site-packages/django/db/models/query.py", line 91, in __iter__
    results = compiler.execute_sql(
              ^^^^^^^^^^^^^^^^^^^^^
  File "/usr/local/lib/python3.11/site-packages/django/db/models/sql/compiler.py", line 1562, in execute_sql
    cursor.execute(sql, params)
  File "/usr/local/lib/python3.11/site-packages/django/db/backends/utils.py", line 102, in execute
    return super().execute(sql, params)
           ^^^^^^^^^^^^^^^^^^^^^^^^^^^^
  File "/usr/local/lib/python3.11/site-packages/django/db/backends/utils.py", line 67, in execute
    return self._execute_with_wrappers(
           ^^^^^^^^^^^^^^^^^^^^^^^^^^^^
  File "/usr/local/lib/python3.11/site-packages/django/db/backends/utils.py", line 80, in _execute_with_wrappers
    return executor(sql, params, many, context)
           ^^^^^^^^^^^^^^^^^^^^^^^^^^^^^^^^^^^^
  File "/usr/local/lib/python3.11/site-packages/django/db/backends/utils.py", line 84, in _execute
    with self.db.wrap_database_errors:
  File "/usr/local/lib/python3.11/site-packages/django/db/utils.py", line 91, in __exit__
    raise dj_exc_value.with_traceback(traceback) from exc_value
  File "/usr/local/lib/python3.11/site-packages/django/db/backends/utils.py", line 89, in _execute
    return self.cursor.execute(sql, params)
           ^^^^^^^^^^^^^^^^^^^^^^^^^^^^^^^^
django.db.utils.ProgrammingError: column expedients_expedient.has_pending_updates does not exist
LINE 1: ..._by_id", "expedients_expedient"."approved_by_id", "expedient...
                                                             ^

ERROR 2026-06-11 16:53:29,288 basehttp 8 128417331668672 "GET /api/expedients/ HTTP/1.1" 500 186592
ERROR 2026-06-11 16:53:30,401 log 8 128417240446656 Internal Server Error: /api/expedients/pending_docs/
Traceback (most recent call last):
  File "/usr/local/lib/python3.11/site-packages/django/db/backends/utils.py", line 89, in _execute
    return self.cursor.execute(sql, params)
           ^^^^^^^^^^^^^^^^^^^^^^^^^^^^^^^^
psycopg2.errors.UndefinedColumn: column expedients_expedient.has_pending_updates does not exist
LINE 1: ..._by_id", "expedients_expedient"."approved_by_id", "expedient...
                                                             ^


The above exception was the direct cause of the following exception:

Traceback (most recent call last):
  File "/usr/local/lib/python3.11/site-packages/django/core/handlers/exception.py", line 55, in inner
    response = get_response(request)
               ^^^^^^^^^^^^^^^^^^^^^
  File "/usr/local/lib/python3.11/site-packages/django/core/handlers/base.py", line 197, in _get_response
    response = wrapped_callback(request, *callback_args, **callback_kwargs)
               ^^^^^^^^^^^^^^^^^^^^^^^^^^^^^^^^^^^^^^^^^^^^^^^^^^^^^^^^^^^^
  File "/usr/local/lib/python3.11/site-packages/django/views/decorators/csrf.py", line 56, in wrapper_view
    return view_func(*args, **kwargs)
           ^^^^^^^^^^^^^^^^^^^^^^^^^^
  File "/usr/local/lib/python3.11/site-packages/rest_framework/viewsets.py", line 125, in view
    return self.dispatch(request, *args, **kwargs)
           ^^^^^^^^^^^^^^^^^^^^^^^^^^^^^^^^^^^^^^^
  File "/usr/local/lib/python3.11/site-packages/rest_framework/views.py", line 515, in dispatch
    response = self.handle_exception(exc)
               ^^^^^^^^^^^^^^^^^^^^^^^^^^
  File "/usr/local/lib/python3.11/site-packages/rest_framework/views.py", line 475, in handle_exception
    self.raise_uncaught_exception(exc)
  File "/usr/local/lib/python3.11/site-packages/rest_framework/views.py", line 486, in raise_uncaught_exception
    raise exc
  File "/usr/local/lib/python3.11/site-packages/rest_framework/views.py", line 512, in dispatch
    response = handler(request, *args, **kwargs)
               ^^^^^^^^^^^^^^^^^^^^^^^^^^^^^^^^^
  File "/app/expedients/views.py", line 134, in pending_docs
    return Response(serializer.data)
                    ^^^^^^^^^^^^^^^
  File "/usr/local/lib/python3.11/site-packages/rest_framework/serializers.py", line 797, in data
    ret = super().data
          ^^^^^^^^^^^^
  File "/usr/local/lib/python3.11/site-packages/rest_framework/serializers.py", line 251, in data
    self._data = self.to_representation(self.instance)
                 ^^^^^^^^^^^^^^^^^^^^^^^^^^^^^^^^^^^^^
  File "/usr/local/lib/python3.11/site-packages/rest_framework/serializers.py", line 715, in to_representation
    return [
           ^
  File "/usr/local/lib/python3.11/site-packages/django/db/models/query.py", line 398, in __iter__
    self._fetch_all()
  File "/usr/local/lib/python3.11/site-packages/django/db/models/query.py", line 1881, in _fetch_all
    self._result_cache = list(self._iterable_class(self))
                         ^^^^^^^^^^^^^^^^^^^^^^^^^^^^^^^^
  File "/usr/local/lib/python3.11/site-packages/django/db/models/query.py", line 91, in __iter__
    results = compiler.execute_sql(
              ^^^^^^^^^^^^^^^^^^^^^
  File "/usr/local/lib/python3.11/site-packages/django/db/models/sql/compiler.py", line 1562, in execute_sql
    cursor.execute(sql, params)
  File "/usr/local/lib/python3.11/site-packages/django/db/backends/utils.py", line 102, in execute
    return super().execute(sql, params)
           ^^^^^^^^^^^^^^^^^^^^^^^^^^^^
  File "/usr/local/lib/python3.11/site-packages/django/db/backends/utils.py", line 67, in execute
    return self._execute_with_wrappers(
           ^^^^^^^^^^^^^^^^^^^^^^^^^^^^
  File "/usr/local/lib/python3.11/site-packages/django/db/backends/utils.py", line 80, in _execute_with_wrappers
    return executor(sql, params, many, context)
           ^^^^^^^^^^^^^^^^^^^^^^^^^^^^^^^^^^^^
  File "/usr/local/lib/python3.11/site-packages/django/db/backends/utils.py", line 84, in _execute
    with self.db.wrap_database_errors:
  File "/usr/local/lib/python3.11/site-packages/django/db/utils.py", line 91, in __exit__
    raise dj_exc_value.with_traceback(traceback) from exc_value
  File "/usr/local/lib/python3.11/site-packages/django/db/backends/utils.py", line 89, in _execute
    return self.cursor.execute(sql, params)
           ^^^^^^^^^^^^^^^^^^^^^^^^^^^^^^^^
django.db.utils.ProgrammingError: column expedients_expedient.has_pending_updates does not exist
LINE 1: ..._by_id", "expedients_expedient"."approved_by_id", "expedient...
                                                             ^

ERROR 2026-06-11 16:53:30,405 log 8 128417331668672 Internal Server Error: /api/expedients/pending_docs/
Traceback (most recent call last):
  File "/usr/local/lib/python3.11/site-packages/django/db/backends/utils.py", line 89, in _execute
    return self.cursor.execute(sql, params)
           ^^^^^^^^^^^^^^^^^^^^^^^^^^^^^^^^
psycopg2.errors.UndefinedColumn: column expedients_expedient.has_pending_updates does not exist
LINE 1: ..._by_id", "expedients_expedient"."approved_by_id", "expedient...
                                                             ^


The above exception was the direct cause of the following exception:

Traceback (most recent call last):
  File "/usr/local/lib/python3.11/site-packages/django/core/handlers/exception.py", line 55, in inner
    response = get_response(request)
               ^^^^^^^^^^^^^^^^^^^^^
  File "/usr/local/lib/python3.11/site-packages/django/core/handlers/base.py", line 197, in _get_response
    response = wrapped_callback(request, *callback_args, **callback_kwargs)
               ^^^^^^^^^^^^^^^^^^^^^^^^^^^^^^^^^^^^^^^^^^^^^^^^^^^^^^^^^^^^
  File "/usr/local/lib/python3.11/site-packages/django/views/decorators/csrf.py", line 56, in wrapper_view
    return view_func(*args, **kwargs)
           ^^^^^^^^^^^^^^^^^^^^^^^^^^
  File "/usr/local/lib/python3.11/site-packages/rest_framework/viewsets.py", line 125, in view
    return self.dispatch(request, *args, **kwargs)
           ^^^^^^^^^^^^^^^^^^^^^^^^^^^^^^^^^^^^^^^
  File "/usr/local/lib/python3.11/site-packages/rest_framework/views.py", line 515, in dispatch
    response = self.handle_exception(exc)
               ^^^^^^^^^^^^^^^^^^^^^^^^^^
  File "/usr/local/lib/python3.11/site-packages/rest_framework/views.py", line 475, in handle_exception
    self.raise_uncaught_exception(exc)
  File "/usr/local/lib/python3.11/site-packages/rest_framework/views.py", line 486, in raise_uncaught_exception
    raise exc
  File "/usr/local/lib/python3.11/site-packages/rest_framework/views.py", line 512, in dispatch
    response = handler(request, *args, **kwargs)
               ^^^^^^^^^^^^^^^^^^^^^^^^^^^^^^^^^
  File "/app/expedients/views.py", line 134, in pending_docs
    return Response(serializer.data)
                    ^^^^^^^^^^^^^^^
  File "/usr/local/lib/python3.11/site-packages/rest_framework/serializers.py", line 797, in data
    ret = super().data
          ^^^^^^^^^^^^
  File "/usr/local/lib/python3.11/site-packages/rest_framework/serializers.py", line 251, in data
    self._data = self.to_representation(self.instance)
                 ^^^^^^^^^^^^^^^^^^^^^^^^^^^^^^^^^^^^^
  File "/usr/local/lib/python3.11/site-packages/rest_framework/serializers.py", line 715, in to_representation
    return [
           ^
  File "/usr/local/lib/python3.11/site-packages/django/db/models/query.py", line 398, in __iter__
    self._fetch_all()
  File "/usr/local/lib/python3.11/site-packages/django/db/models/query.py", line 1881, in _fetch_all
    self._result_cache = list(self._iterable_class(self))
                         ^^^^^^^^^^^^^^^^^^^^^^^^^^^^^^^^
  File "/usr/local/lib/python3.11/site-packages/django/db/models/query.py", line 91, in __iter__
    results = compiler.execute_sql(
              ^^^^^^^^^^^^^^^^^^^^^
  File "/usr/local/lib/python3.11/site-packages/django/db/models/sql/compiler.py", line 1562, in execute_sql
    cursor.execute(sql, params)
  File "/usr/local/lib/python3.11/site-packages/django/db/backends/utils.py", line 102, in execute
    return super().execute(sql, params)
           ^^^^^^^^^^^^^^^^^^^^^^^^^^^^
  File "/usr/local/lib/python3.11/site-packages/django/db/backends/utils.py", line 67, in execute
    return self._execute_with_wrappers(
           ^^^^^^^^^^^^^^^^^^^^^^^^^^^^
  File "/usr/local/lib/python3.11/site-packages/django/db/backends/utils.py", line 80, in _execute_with_wrappers
    return executor(sql, params, many, context)
           ^^^^^^^^^^^^^^^^^^^^^^^^^^^^^^^^^^^^
  File "/usr/local/lib/python3.11/site-packages/django/db/backends/utils.py", line 84, in _execute
    with self.db.wrap_database_errors:
  File "/usr/local/lib/python3.11/site-packages/django/db/utils.py", line 91, in __exit__
    raise dj_exc_value.with_traceback(traceback) from exc_value
  File "/usr/local/lib/python3.11/site-packages/django/db/backends/utils.py", line 89, in _execute
    return self.cursor.execute(sql, params)
           ^^^^^^^^^^^^^^^^^^^^^^^^^^^^^^^^
django.db.utils.ProgrammingError: column expedients_expedient.has_pending_updates does not exist
LINE 1: ..._by_id", "expedients_expedient"."approved_by_id", "expedient...
                                                             ^

ERROR 2026-06-11 16:53:30,430 basehttp 8 128417240446656 "GET /api/expedients/pending_docs/ HTTP/1.1" 500 183549
ERROR 2026-06-11 16:53:30,445 basehttp 8 128417331668672 "GET /api/expedients/pending_docs/ HTTP/1.1" 500 183549
ERROR 2026-06-11 16:53:31,521 log 8 128417240446656 Internal Server Error: /api/expedients/
Traceback (most recent call last):
  File "/usr/local/lib/python3.11/site-packages/django/db/backends/utils.py", line 89, in _execute
    return self.cursor.execute(sql, params)
           ^^^^^^^^^^^^^^^^^^^^^^^^^^^^^^^^
psycopg2.errors.UndefinedColumn: column expedients_expedient.has_pending_updates does not exist
LINE 1: ..._by_id", "expedients_expedient"."approved_by_id", "expedient...
                                                             ^


The above exception was the direct cause of the following exception:

Traceback (most recent call last):
  File "/usr/local/lib/python3.11/site-packages/django/core/handlers/exception.py", line 55, in inner
    response = get_response(request)
               ^^^^^^^^^^^^^^^^^^^^^
  File "/usr/local/lib/python3.11/site-packages/django/core/handlers/base.py", line 197, in _get_response
    response = wrapped_callback(request, *callback_args, **callback_kwargs)
               ^^^^^^^^^^^^^^^^^^^^^^^^^^^^^^^^^^^^^^^^^^^^^^^^^^^^^^^^^^^^
  File "/usr/local/lib/python3.11/site-packages/django/views/decorators/csrf.py", line 56, in wrapper_view
    return view_func(*args, **kwargs)
           ^^^^^^^^^^^^^^^^^^^^^^^^^^
  File "/usr/local/lib/python3.11/site-packages/rest_framework/viewsets.py", line 125, in view
    return self.dispatch(request, *args, **kwargs)
           ^^^^^^^^^^^^^^^^^^^^^^^^^^^^^^^^^^^^^^^
  File "/usr/local/lib/python3.11/site-packages/rest_framework/views.py", line 515, in dispatch
    response = self.handle_exception(exc)
               ^^^^^^^^^^^^^^^^^^^^^^^^^^
  File "/usr/local/lib/python3.11/site-packages/rest_framework/views.py", line 475, in handle_exception
    self.raise_uncaught_exception(exc)
  File "/usr/local/lib/python3.11/site-packages/rest_framework/views.py", line 486, in raise_uncaught_exception
    raise exc
  File "/usr/local/lib/python3.11/site-packages/rest_framework/views.py", line 512, in dispatch
    response = handler(request, *args, **kwargs)
               ^^^^^^^^^^^^^^^^^^^^^^^^^^^^^^^^^
  File "/usr/local/lib/python3.11/site-packages/rest_framework/mixins.py", line 46, in list
    return Response(serializer.data)
                    ^^^^^^^^^^^^^^^
  File "/usr/local/lib/python3.11/site-packages/rest_framework/serializers.py", line 797, in data
    ret = super().data
          ^^^^^^^^^^^^
  File "/usr/local/lib/python3.11/site-packages/rest_framework/serializers.py", line 251, in data
    self._data = self.to_representation(self.instance)
                 ^^^^^^^^^^^^^^^^^^^^^^^^^^^^^^^^^^^^^
  File "/usr/local/lib/python3.11/site-packages/rest_framework/serializers.py", line 715, in to_representation
    return [
           ^
  File "/usr/local/lib/python3.11/site-packages/django/db/models/query.py", line 398, in __iter__
    self._fetch_all()
  File "/usr/local/lib/python3.11/site-packages/django/db/models/query.py", line 1881, in _fetch_all
    self._result_cache = list(self._iterable_class(self))
                         ^^^^^^^^^^^^^^^^^^^^^^^^^^^^^^^^
  File "/usr/local/lib/python3.11/site-packages/django/db/models/query.py", line 91, in __iter__
    results = compiler.execute_sql(
              ^^^^^^^^^^^^^^^^^^^^^
  File "/usr/local/lib/python3.11/site-packages/django/db/models/sql/compiler.py", line 1562, in execute_sql
    cursor.execute(sql, params)
  File "/usr/local/lib/python3.11/site-packages/django/db/backends/utils.py", line 102, in execute
    return super().execute(sql, params)
           ^^^^^^^^^^^^^^^^^^^^^^^^^^^^
  File "/usr/local/lib/python3.11/site-packages/django/db/backends/utils.py", line 67, in execute
    return self._execute_with_wrappers(
           ^^^^^^^^^^^^^^^^^^^^^^^^^^^^
  File "/usr/local/lib/python3.11/site-packages/django/db/backends/utils.py", line 80, in _execute_with_wrappers
    return executor(sql, params, many, context)
           ^^^^^^^^^^^^^^^^^^^^^^^^^^^^^^^^^^^^
  File "/usr/local/lib/python3.11/site-packages/django/db/backends/utils.py", line 84, in _execute
    with self.db.wrap_database_errors:
  File "/usr/local/lib/python3.11/site-packages/django/db/utils.py", line 91, in __exit__
    raise dj_exc_value.with_traceback(traceback) from exc_value
  File "/usr/local/lib/python3.11/site-packages/django/db/backends/utils.py", line 89, in _execute
    return self.cursor.execute(sql, params)
           ^^^^^^^^^^^^^^^^^^^^^^^^^^^^^^^^
django.db.utils.ProgrammingError: column expedients_expedient.has_pending_updates does not exist
LINE 1: ..._by_id", "expedients_expedient"."approved_by_id", "expedient...
                                                             ^

ERROR 2026-06-11 16:53:31,595 basehttp 8 128417240446656 "GET /api/expedients/?page_size=1000 HTTP/1.1" 500 187065
ERROR 2026-06-11 16:53:31,670 log 8 128417331668672 Internal Server Error: /api/documents/
Traceback (most recent call last):
  File "/usr/local/lib/python3.11/site-packages/django/db/backends/utils.py", line 89, in _execute
    return self.cursor.execute(sql, params)
           ^^^^^^^^^^^^^^^^^^^^^^^^^^^^^^^^
psycopg2.errors.UndefinedColumn: column expedients_expedient.has_pending_updates does not exist
LINE 1: ..._by_id", "expedients_expedient"."approved_by_id", "expedient...
                                                             ^


The above exception was the direct cause of the following exception:

Traceback (most recent call last):
  File "/usr/local/lib/python3.11/site-packages/django/core/handlers/exception.py", line 55, in inner
    response = get_response(request)
               ^^^^^^^^^^^^^^^^^^^^^
  File "/usr/local/lib/python3.11/site-packages/django/core/handlers/base.py", line 197, in _get_response
    response = wrapped_callback(request, *callback_args, **callback_kwargs)
               ^^^^^^^^^^^^^^^^^^^^^^^^^^^^^^^^^^^^^^^^^^^^^^^^^^^^^^^^^^^^
  File "/usr/local/lib/python3.11/site-packages/django/views/decorators/csrf.py", line 56, in wrapper_view
    return view_func(*args, **kwargs)
           ^^^^^^^^^^^^^^^^^^^^^^^^^^
  File "/usr/local/lib/python3.11/site-packages/rest_framework/viewsets.py", line 125, in view
    return self.dispatch(request, *args, **kwargs)
           ^^^^^^^^^^^^^^^^^^^^^^^^^^^^^^^^^^^^^^^
  File "/usr/local/lib/python3.11/site-packages/rest_framework/views.py", line 515, in dispatch
    response = self.handle_exception(exc)
               ^^^^^^^^^^^^^^^^^^^^^^^^^^
  File "/usr/local/lib/python3.11/site-packages/rest_framework/views.py", line 475, in handle_exception
    self.raise_uncaught_exception(exc)
  File "/usr/local/lib/python3.11/site-packages/rest_framework/views.py", line 486, in raise_uncaught_exception
    raise exc
  File "/usr/local/lib/python3.11/site-packages/rest_framework/views.py", line 512, in dispatch
    response = handler(request, *args, **kwargs)
               ^^^^^^^^^^^^^^^^^^^^^^^^^^^^^^^^^
  File "/usr/local/lib/python3.11/site-packages/rest_framework/mixins.py", line 46, in list
    return Response(serializer.data)
                    ^^^^^^^^^^^^^^^
  File "/usr/local/lib/python3.11/site-packages/rest_framework/serializers.py", line 797, in data
    ret = super().data
          ^^^^^^^^^^^^
  File "/usr/local/lib/python3.11/site-packages/rest_framework/serializers.py", line 251, in data
    self._data = self.to_representation(self.instance)
                 ^^^^^^^^^^^^^^^^^^^^^^^^^^^^^^^^^^^^^
  File "/usr/local/lib/python3.11/site-packages/rest_framework/serializers.py", line 715, in to_representation
    return [
           ^
  File "/usr/local/lib/python3.11/site-packages/django/db/models/query.py", line 398, in __iter__
    self._fetch_all()
  File "/usr/local/lib/python3.11/site-packages/django/db/models/query.py", line 1881, in _fetch_all
    self._result_cache = list(self._iterable_class(self))
                         ^^^^^^^^^^^^^^^^^^^^^^^^^^^^^^^^
  File "/usr/local/lib/python3.11/site-packages/django/db/models/query.py", line 91, in __iter__
    results = compiler.execute_sql(
              ^^^^^^^^^^^^^^^^^^^^^
  File "/usr/local/lib/python3.11/site-packages/django/db/models/sql/compiler.py", line 1562, in execute_sql
    cursor.execute(sql, params)
  File "/usr/local/lib/python3.11/site-packages/django/db/backends/utils.py", line 102, in execute
    return super().execute(sql, params)
           ^^^^^^^^^^^^^^^^^^^^^^^^^^^^
  File "/usr/local/lib/python3.11/site-packages/django/db/backends/utils.py", line 67, in execute
    return self._execute_with_wrappers(
           ^^^^^^^^^^^^^^^^^^^^^^^^^^^^
  File "/usr/local/lib/python3.11/site-packages/django/db/backends/utils.py", line 80, in _execute_with_wrappers
    return executor(sql, params, many, context)
           ^^^^^^^^^^^^^^^^^^^^^^^^^^^^^^^^^^^^
  File "/usr/local/lib/python3.11/site-packages/django/db/backends/utils.py", line 84, in _execute
    with self.db.wrap_database_errors:
  File "/usr/local/lib/python3.11/site-packages/django/db/utils.py", line 91, in __exit__
    raise dj_exc_value.with_traceback(traceback) from exc_value
  File "/usr/local/lib/python3.11/site-packages/django/db/backends/utils.py", line 89, in _execute
    return self.cursor.execute(sql, params)
           ^^^^^^^^^^^^^^^^^^^^^^^^^^^^^^^^
django.db.utils.ProgrammingError: column expedients_expedient.has_pending_updates does not exist
LINE 1: ..._by_id", "expedients_expedient"."approved_by_id", "expedient...
                                                             ^

ERROR 2026-06-11 16:53:31,703 basehttp 8 128417331668672 "GET /api/documents/?page_size=1000 HTTP/1.1" 500 181531
ERROR 2026-06-11 16:53:33,509 log 8 128417331668672 Internal Server Error: /api/expedients/
Traceback (most recent call last):
  File "/usr/local/lib/python3.11/site-packages/django/db/backends/utils.py", line 89, in _execute
    return self.cursor.execute(sql, params)
           ^^^^^^^^^^^^^^^^^^^^^^^^^^^^^^^^
psycopg2.errors.UndefinedColumn: column expedients_expedient.has_pending_updates does not exist
LINE 1: ..._by_id", "expedients_expedient"."approved_by_id", "expedient...
                                                             ^


The above exception was the direct cause of the following exception:

Traceback (most recent call last):
  File "/usr/local/lib/python3.11/site-packages/django/core/handlers/exception.py", line 55, in inner
    response = get_response(request)
               ^^^^^^^^^^^^^^^^^^^^^
  File "/usr/local/lib/python3.11/site-packages/django/core/handlers/base.py", line 197, in _get_response
    response = wrapped_callback(request, *callback_args, **callback_kwargs)
               ^^^^^^^^^^^^^^^^^^^^^^^^^^^^^^^^^^^^^^^^^^^^^^^^^^^^^^^^^^^^
  File "/usr/local/lib/python3.11/site-packages/django/views/decorators/csrf.py", line 56, in wrapper_view
    return view_func(*args, **kwargs)
           ^^^^^^^^^^^^^^^^^^^^^^^^^^
  File "/usr/local/lib/python3.11/site-packages/rest_framework/viewsets.py", line 125, in view
    return self.dispatch(request, *args, **kwargs)
           ^^^^^^^^^^^^^^^^^^^^^^^^^^^^^^^^^^^^^^^
  File "/usr/local/lib/python3.11/site-packages/rest_framework/views.py", line 515, in dispatch
    response = self.handle_exception(exc)
               ^^^^^^^^^^^^^^^^^^^^^^^^^^
  File "/usr/local/lib/python3.11/site-packages/rest_framework/views.py", line 475, in handle_exception
    self.raise_uncaught_exception(exc)
  File "/usr/local/lib/python3.11/site-packages/rest_framework/views.py", line 486, in raise_uncaught_exception
    raise exc
  File "/usr/local/lib/python3.11/site-packages/rest_framework/views.py", line 512, in dispatch
    response = handler(request, *args, **kwargs)
               ^^^^^^^^^^^^^^^^^^^^^^^^^^^^^^^^^
  File "/usr/local/lib/python3.11/site-packages/rest_framework/mixins.py", line 46, in list
    return Response(serializer.data)
                    ^^^^^^^^^^^^^^^
  File "/usr/local/lib/python3.11/site-packages/rest_framework/serializers.py", line 797, in data
    ret = super().data
          ^^^^^^^^^^^^
  File "/usr/local/lib/python3.11/site-packages/rest_framework/serializers.py", line 251, in data
    self._data = self.to_representation(self.instance)
                 ^^^^^^^^^^^^^^^^^^^^^^^^^^^^^^^^^^^^^
  File "/usr/local/lib/python3.11/site-packages/rest_framework/serializers.py", line 715, in to_representation
    return [
           ^
  File "/usr/local/lib/python3.11/site-packages/django/db/models/query.py", line 398, in __iter__
    self._fetch_all()
  File "/usr/local/lib/python3.11/site-packages/django/db/models/query.py", line 1881, in _fetch_all
    self._result_cache = list(self._iterable_class(self))
                         ^^^^^^^^^^^^^^^^^^^^^^^^^^^^^^^^
  File "/usr/local/lib/python3.11/site-packages/django/db/models/query.py", line 91, in __iter__
    results = compiler.execute_sql(
              ^^^^^^^^^^^^^^^^^^^^^
  File "/usr/local/lib/python3.11/site-packages/django/db/models/sql/compiler.py", line 1562, in execute_sql
    cursor.execute(sql, params)
  File "/usr/local/lib/python3.11/site-packages/django/db/backends/utils.py", line 102, in execute
    return super().execute(sql, params)
           ^^^^^^^^^^^^^^^^^^^^^^^^^^^^
  File "/usr/local/lib/python3.11/site-packages/django/db/backends/utils.py", line 67, in execute
    return self._execute_with_wrappers(
           ^^^^^^^^^^^^^^^^^^^^^^^^^^^^
  File "/usr/local/lib/python3.11/site-packages/django/db/backends/utils.py", line 80, in _execute_with_wrappers
    return executor(sql, params, many, context)
           ^^^^^^^^^^^^^^^^^^^^^^^^^^^^^^^^^^^^
  File "/usr/local/lib/python3.11/site-packages/django/db/backends/utils.py", line 84, in _execute
    with self.db.wrap_database_errors:
  File "/usr/local/lib/python3.11/site-packages/django/db/utils.py", line 91, in __exit__
    raise dj_exc_value.with_traceback(traceback) from exc_value
  File "/usr/local/lib/python3.11/site-packages/django/db/backends/utils.py", line 89, in _execute
    return self.cursor.execute(sql, params)
           ^^^^^^^^^^^^^^^^^^^^^^^^^^^^^^^^
django.db.utils.ProgrammingError: column expedients_expedient.has_pending_updates does not exist
LINE 1: ..._by_id", "expedients_expedient"."approved_by_id", "expedient...
                                                             ^

ERROR 2026-06-11 16:53:33,525 basehttp 8 128417331668672 "GET /api/expedients/ HTTP/1.1" 500 186592
WARNING 2026-06-11 16:53:33,989 log 8 128417331668672 Not Found: /api/users/api/v1/
WARNING 2026-06-11 16:53:34,055 basehttp 8 128417331668672 "GET /api/users/api/v1/ HTTP/1.1" 404 4743
ERROR 2026-06-11 16:53:34,318 log 8 128417240446656 Internal Server Error: /api/expedients/
Traceback (most recent call last):
  File "/usr/local/lib/python3.11/site-packages/django/db/backends/utils.py", line 89, in _execute
    return self.cursor.execute(sql, params)
           ^^^^^^^^^^^^^^^^^^^^^^^^^^^^^^^^
psycopg2.errors.UndefinedColumn: column expedients_expedient.has_pending_updates does not exist
LINE 1: ..._by_id", "expedients_expedient"."approved_by_id", "expedient...
                                                             ^


The above exception was the direct cause of the following exception:

Traceback (most recent call last):
  File "/usr/local/lib/python3.11/site-packages/django/core/handlers/exception.py", line 55, in inner
    response = get_response(request)
               ^^^^^^^^^^^^^^^^^^^^^
  File "/usr/local/lib/python3.11/site-packages/django/core/handlers/base.py", line 197, in _get_response
    response = wrapped_callback(request, *callback_args, **callback_kwargs)
               ^^^^^^^^^^^^^^^^^^^^^^^^^^^^^^^^^^^^^^^^^^^^^^^^^^^^^^^^^^^^
  File "/usr/local/lib/python3.11/site-packages/django/views/decorators/csrf.py", line 56, in wrapper_view
    return view_func(*args, **kwargs)
           ^^^^^^^^^^^^^^^^^^^^^^^^^^
  File "/usr/local/lib/python3.11/site-packages/rest_framework/viewsets.py", line 125, in view
    return self.dispatch(request, *args, **kwargs)
           ^^^^^^^^^^^^^^^^^^^^^^^^^^^^^^^^^^^^^^^
  File "/usr/local/lib/python3.11/site-packages/rest_framework/views.py", line 515, in dispatch
    response = self.handle_exception(exc)
               ^^^^^^^^^^^^^^^^^^^^^^^^^^
  File "/usr/local/lib/python3.11/site-packages/rest_framework/views.py", line 475, in handle_exception
    self.raise_uncaught_exception(exc)
  File "/usr/local/lib/python3.11/site-packages/rest_framework/views.py", line 486, in raise_uncaught_exception
    raise exc
  File "/usr/local/lib/python3.11/site-packages/rest_framework/views.py", line 512, in dispatch
    response = handler(request, *args, **kwargs)
               ^^^^^^^^^^^^^^^^^^^^^^^^^^^^^^^^^
  File "/usr/local/lib/python3.11/site-packages/rest_framework/mixins.py", line 46, in list
    return Response(serializer.data)
                    ^^^^^^^^^^^^^^^
  File "/usr/local/lib/python3.11/site-packages/rest_framework/serializers.py", line 797, in data
    ret = super().data
          ^^^^^^^^^^^^
  File "/usr/local/lib/python3.11/site-packages/rest_framework/serializers.py", line 251, in data
    self._data = self.to_representation(self.instance)
                 ^^^^^^^^^^^^^^^^^^^^^^^^^^^^^^^^^^^^^
  File "/usr/local/lib/python3.11/site-packages/rest_framework/serializers.py", line 715, in to_representation
    return [
           ^
  File "/usr/local/lib/python3.11/site-packages/django/db/models/query.py", line 398, in __iter__
    self._fetch_all()
  File "/usr/local/lib/python3.11/site-packages/django/db/models/query.py", line 1881, in _fetch_all
    self._result_cache = list(self._iterable_class(self))
                         ^^^^^^^^^^^^^^^^^^^^^^^^^^^^^^^^
  File "/usr/local/lib/python3.11/site-packages/django/db/models/query.py", line 91, in __iter__
    results = compiler.execute_sql(
              ^^^^^^^^^^^^^^^^^^^^^
  File "/usr/local/lib/python3.11/site-packages/django/db/models/sql/compiler.py", line 1562, in execute_sql
    cursor.execute(sql, params)
  File "/usr/local/lib/python3.11/site-packages/django/db/backends/utils.py", line 102, in execute
    return super().execute(sql, params)
           ^^^^^^^^^^^^^^^^^^^^^^^^^^^^
  File "/usr/local/lib/python3.11/site-packages/django/db/backends/utils.py", line 67, in execute
    return self._execute_with_wrappers(
           ^^^^^^^^^^^^^^^^^^^^^^^^^^^^
  File "/usr/local/lib/python3.11/site-packages/django/db/backends/utils.py", line 80, in _execute_with_wrappers
    return executor(sql, params, many, context)
           ^^^^^^^^^^^^^^^^^^^^^^^^^^^^^^^^^^^^
  File "/usr/local/lib/python3.11/site-packages/django/db/backends/utils.py", line 84, in _execute
    with self.db.wrap_database_errors:
  File "/usr/local/lib/python3.11/site-packages/django/db/utils.py", line 91, in __exit__
    raise dj_exc_value.with_traceback(traceback) from exc_value
  File "/usr/local/lib/python3.11/site-packages/django/db/backends/utils.py", line 89, in _execute
    return self.cursor.execute(sql, params)
           ^^^^^^^^^^^^^^^^^^^^^^^^^^^^^^^^
django.db.utils.ProgrammingError: column expedients_expedient.has_pending_updates does not exist
LINE 1: ..._by_id", "expedients_expedient"."approved_by_id", "expedient...
                                                             ^

ERROR 2026-06-11 16:53:34,337 basehttp 8 128417240446656 "GET /api/expedients/ HTTP/1.1" 500 186592
WARNING 2026-06-11 16:53:34,736 log 8 128417240446656 Not Found: /api/users/api/v1/
WARNING 2026-06-11 16:53:34,743 basehttp 8 128417240446656 "GET /api/users/api/v1/ HTTP/1.1" 404 4743
WARNING 2026-06-11 17:13:56,224 log 8 128417232053952 Not Found: /api/users/api/v1/
WARNING 2026-06-11 17:13:56,284 basehttp 8 128417232053952 "GET /api/users/api/v1/ HTTP/1.1" 404 4743
WARNING 2026-06-11 17:14:02,087 log 8 128417223661248 Not Found: /api/users/api/v1/
WARNING 2026-06-11 17:14:02,090 basehttp 8 128417223661248 "GET /api/users/api/v1/ HTTP/1.1" 404 4743
ERROR 2026-06-11 17:20:15,117 exception 165 127739812369216 Invalid HTTP_HOST header: 'testserver'. You may need to add 'testserver' to ALLOWED_HOSTS.
Traceback (most recent call last):
  File "/usr/local/lib/python3.11/site-packages/django/core/handlers/exception.py", line 55, in inner
    response = get_response(request)
               ^^^^^^^^^^^^^^^^^^^^^
  File "/usr/local/lib/python3.11/site-packages/django/utils/deprecation.py", line 133, in __call__
    response = self.process_request(request)
               ^^^^^^^^^^^^^^^^^^^^^^^^^^^^^
  File "/usr/local/lib/python3.11/site-packages/django/middleware/common.py", line 48, in process_request
    host = request.get_host()
           ^^^^^^^^^^^^^^^^^^
  File "/usr/local/lib/python3.11/site-packages/django/http/request.py", line 150, in get_host
    raise DisallowedHost(msg)
django.core.exceptions.DisallowedHost: Invalid HTTP_HOST header: 'testserver'. You may need to add 'testserver' to ALLOWED_HOSTS.
WARNING 2026-06-11 17:20:16,256 log 165 127739812369216 Bad Request: /users/api/v1/
WARNING 2026-06-11 17:20:35,030 log 8 128417232053952 Unauthorized: /users/api/v1/token/
WARNING 2026-06-11 17:20:35,036 basehttp 8 128417232053952 "POST /users/api/v1/token/ HTTP/1.1" 401 58
WARNING 2026-06-11 17:20:35,042 log 8 128417232053952 Unauthorized: /users/api/v1/
WARNING 2026-06-11 17:20:35,045 basehttp 8 128417232053952 "GET /users/api/v1/ HTTP/1.1" 401 58
WARNING 2026-06-11 17:20:35,098 log 8 128417232053952 Unauthorized: /api/departments/
WARNING 2026-06-11 17:20:35,102 basehttp 8 128417232053952 "GET /api/departments/ HTTP/1.1" 401 58
WARNING 2026-06-11 17:20:35,149 log 8 128417232053952 Unauthorized: /api/document-types/
WARNING 2026-06-11 17:20:35,152 basehttp 8 128417232053952 "GET /api/document-types/ HTTP/1.1" 401 58
WARNING 2026-06-11 17:21:21,015 log 8 128417232053952 Unauthorized: /users/api/v1/
WARNING 2026-06-11 17:21:21,018 basehttp 8 128417232053952 "GET /users/api/v1/ HTTP/1.1" 401 58
WARNING 2026-06-11 17:21:21,065 log 8 128417232053952 Unauthorized: /api/departments/
WARNING 2026-06-11 17:21:21,069 basehttp 8 128417232053952 "GET /api/departments/ HTTP/1.1" 401 58
WARNING 2026-06-11 17:21:21,120 log 8 128417232053952 Unauthorized: /api/document-types/
WARNING 2026-06-11 17:21:21,122 basehttp 8 128417232053952 "GET /api/document-types/ HTTP/1.1" 401 58
WARNING 2026-06-11 20:16:19,641 log 8 128417232053952 Unauthorized: /api/documents/
WARNING 2026-06-11 20:16:19,662 basehttp 8 128417232053952 "GET /api/documents/?expedient=2 HTTP/1.1" 401 58
WARNING 2026-06-11 20:16:36,354 log 8 128417223661248 Not Found: /api/users/api/v1/
WARNING 2026-06-11 20:16:36,359 basehttp 8 128417223661248 "GET /api/users/api/v1/ HTTP/1.1" 404 4743
WARNING 2026-06-11 20:37:42,121 log 8 128417232053952 Not Found: /api/users/api/v1/
WARNING 2026-06-11 20:37:42,192 basehttp 8 128417232053952 "GET /api/users/api/v1/ HTTP/1.1" 404 4743
WARNING 2026-06-11 20:37:45,134 log 8 128417331668672 Not Found: /api/users/api/v1/
WARNING 2026-06-11 20:37:45,141 basehttp 8 128417331668672 "GET /api/users/api/v1/ HTTP/1.1" 404 4743
WARNING 2026-06-11 20:38:09,222 log 8 128417331668672 Not Found: /api/users/api/v1/
WARNING 2026-06-11 20:38:09,224 basehttp 8 128417331668672 "GET /api/users/api/v1/ HTTP/1.1" 404 4743
WARNING 2026-06-11 20:41:16,352 log 8 128417331668672 Not Found: /api/users/api/v1/
WARNING 2026-06-11 20:41:16,368 basehttp 8 128417331668672 "GET /api/users/api/v1/ HTTP/1.1" 404 4743
WARNING 2026-06-11 20:41:24,415 log 8 128417240446656 Not Found: /api/users/api/v1/
WARNING 2026-06-11 20:41:24,460 basehttp 8 128417240446656 "GET /api/users/api/v1/ HTTP/1.1" 404 4743
WARNING 2026-06-11 20:41:26,009 log 8 128417240446656 Not Found: /api/users/api/v1/
WARNING 2026-06-11 20:41:26,015 basehttp 8 128417240446656 "GET /api/users/api/v1/ HTTP/1.1" 404 4743
WARNING 2026-06-11 20:45:00,800 log 8 128417223661248 Unauthorized: /users/api/v1/me/
WARNING 2026-06-11 20:45:00,808 basehttp 8 128417223661248 "GET /users/api/v1/me/ HTTP/1.1" 401 58
WARNING 2026-06-11 20:45:00,850 log 8 128417223661248 Bad Request: /users/api/v1/token/refresh/
WARNING 2026-06-11 20:45:00,854 basehttp 8 128417223661248 "POST /users/api/v1/token/refresh/ HTTP/1.1" 400 39
WARNING 2026-06-11 20:46:21,367 log 8 128417331668672 Unauthorized: /users/api/v1/me/
WARNING 2026-06-11 20:46:21,372 basehttp 8 128417331668672 "GET /users/api/v1/me/ HTTP/1.1" 401 58
WARNING 2026-06-11 20:46:21,397 log 8 128417223661248 Bad Request: /users/api/v1/token/refresh/
WARNING 2026-06-11 20:46:21,400 basehttp 8 128417223661248 "POST /users/api/v1/token/refresh/ HTTP/1.1" 400 39
WARNING 2026-06-11 20:47:06,541 log 8 128417331668672 Unauthorized: /users/api/v1/me/
WARNING 2026-06-11 20:47:06,547 basehttp 8 128417331668672 "GET /users/api/v1/me/ HTTP/1.1" 401 58
WARNING 2026-06-11 20:47:06,597 log 8 128417331668672 Bad Request: /users/api/v1/token/refresh/
WARNING 2026-06-11 20:47:06,599 basehttp 8 128417331668672 "POST /users/api/v1/token/refresh/ HTTP/1.1" 400 39
WARNING 2026-06-11 20:48:04,029 log 8 128417331668672 Unauthorized: /users/api/v1/me/
WARNING 2026-06-11 20:48:04,033 basehttp 8 128417331668672 "GET /users/api/v1/me/ HTTP/1.1" 401 58
WARNING 2026-06-11 20:48:04,076 log 8 128417331668672 Bad Request: /users/api/v1/token/refresh/
WARNING 2026-06-11 20:48:04,080 basehttp 8 128417331668672 "POST /users/api/v1/token/refresh/ HTTP/1.1" 400 39
WARNING 2026-06-11 20:48:28,622 log 8 128417331668672 Unauthorized: /users/api/v1/me/
WARNING 2026-06-11 20:48:28,643 basehttp 8 128417331668672 "GET /users/api/v1/me/ HTTP/1.1" 401 58
WARNING 2026-06-11 20:48:28,699 log 8 128417331668672 Bad Request: /users/api/v1/token/refresh/
WARNING 2026-06-11 20:48:28,716 basehttp 8 128417331668672 "POST /users/api/v1/token/refresh/ HTTP/1.1" 400 39
ERROR 2026-06-11 20:56:20,933 log 8 128417204778688 Internal Server Error: /api/documents/6/replace_file/
Traceback (most recent call last):
  File "/usr/local/lib/python3.11/site-packages/django/core/handlers/exception.py", line 55, in inner
    response = get_response(request)
               ^^^^^^^^^^^^^^^^^^^^^
  File "/usr/local/lib/python3.11/site-packages/django/core/handlers/base.py", line 197, in _get_response
    response = wrapped_callback(request, *callback_args, **callback_kwargs)
               ^^^^^^^^^^^^^^^^^^^^^^^^^^^^^^^^^^^^^^^^^^^^^^^^^^^^^^^^^^^^
  File "/usr/local/lib/python3.11/site-packages/django/views/decorators/csrf.py", line 56, in wrapper_view
    return view_func(*args, **kwargs)
           ^^^^^^^^^^^^^^^^^^^^^^^^^^
  File "/usr/local/lib/python3.11/site-packages/rest_framework/viewsets.py", line 125, in view
    return self.dispatch(request, *args, **kwargs)
           ^^^^^^^^^^^^^^^^^^^^^^^^^^^^^^^^^^^^^^^
  File "/usr/local/lib/python3.11/site-packages/rest_framework/views.py", line 515, in dispatch
    response = self.handle_exception(exc)
               ^^^^^^^^^^^^^^^^^^^^^^^^^^
  File "/usr/local/lib/python3.11/site-packages/rest_framework/views.py", line 475, in handle_exception
    self.raise_uncaught_exception(exc)
  File "/usr/local/lib/python3.11/site-packages/rest_framework/views.py", line 486, in raise_uncaught_exception
    raise exc
  File "/usr/local/lib/python3.11/site-packages/rest_framework/views.py", line 512, in dispatch
    response = handler(request, *args, **kwargs)
               ^^^^^^^^^^^^^^^^^^^^^^^^^^^^^^^^^
  File "/app/documents/views.py", line 130, in replace_file
    ext = os.path.splitext(uploaded_file.name)[1].lower()
          ^^
UnboundLocalError: cannot access local variable 'os' where it is not associated with a value
ERROR 2026-06-11 20:56:20,962 basehttp 8 128417204778688 "POST /api/documents/6/replace_file/ HTTP/1.1" 500 91328
ERROR 2026-06-11 20:57:03,095 log 8 128417204778688 Internal Server Error: /api/documents/6/replace_file/
Traceback (most recent call last):
  File "/usr/local/lib/python3.11/site-packages/django/core/handlers/exception.py", line 55, in inner
    response = get_response(request)
               ^^^^^^^^^^^^^^^^^^^^^
  File "/usr/local/lib/python3.11/site-packages/django/core/handlers/base.py", line 197, in _get_response
    response = wrapped_callback(request, *callback_args, **callback_kwargs)
               ^^^^^^^^^^^^^^^^^^^^^^^^^^^^^^^^^^^^^^^^^^^^^^^^^^^^^^^^^^^^
  File "/usr/local/lib/python3.11/site-packages/django/views/decorators/csrf.py", line 56, in wrapper_view
    return view_func(*args, **kwargs)
           ^^^^^^^^^^^^^^^^^^^^^^^^^^
  File "/usr/local/lib/python3.11/site-packages/rest_framework/viewsets.py", line 125, in view
    return self.dispatch(request, *args, **kwargs)
           ^^^^^^^^^^^^^^^^^^^^^^^^^^^^^^^^^^^^^^^
  File "/usr/local/lib/python3.11/site-packages/rest_framework/views.py", line 515, in dispatch
    response = self.handle_exception(exc)
               ^^^^^^^^^^^^^^^^^^^^^^^^^^
  File "/usr/local/lib/python3.11/site-packages/rest_framework/views.py", line 475, in handle_exception
    self.raise_uncaught_exception(exc)
  File "/usr/local/lib/python3.11/site-packages/rest_framework/views.py", line 486, in raise_uncaught_exception
    raise exc
  File "/usr/local/lib/python3.11/site-packages/rest_framework/views.py", line 512, in dispatch
    response = handler(request, *args, **kwargs)
               ^^^^^^^^^^^^^^^^^^^^^^^^^^^^^^^^^
  File "/app/documents/views.py", line 130, in replace_file
    ext = os.path.splitext(uploaded_file.name)[1].lower()
          ^^
UnboundLocalError: cannot access local variable 'os' where it is not associated with a value
ERROR 2026-06-11 20:57:03,110 basehttp 8 128417204778688 "POST /api/documents/6/replace_file/ HTTP/1.1" 500 91328
WARNING 2026-06-11 21:05:01,467 log 236 137909605693120 Unauthorized: /users/api/v1/logout/
WARNING 2026-06-11 21:05:01,472 basehttp 236 137909605693120 "POST /users/api/v1/logout/ HTTP/1.1" 401 58
WARNING 2026-06-11 21:05:01,503 log 236 137909605693120 Bad Request: /users/api/v1/token/refresh/
WARNING 2026-06-11 21:05:01,512 basehttp 236 137909605693120 "POST /users/api/v1/token/refresh/ HTTP/1.1" 400 39
WARNING 2026-06-11 21:05:02,244 log 236 137909605693120 Unauthorized: /users/api/v1/me/
WARNING 2026-06-11 21:05:02,252 basehttp 236 137909605693120 "GET /users/api/v1/me/ HTTP/1.1" 401 58
WARNING 2026-06-11 21:05:02,379 log 236 137909605693120 Bad Request: /users/api/v1/token/refresh/
WARNING 2026-06-11 21:05:02,383 basehttp 236 137909605693120 "POST /users/api/v1/token/refresh/ HTTP/1.1" 400 39
WARNING 2026-06-11 21:06:01,769 log 236 137909605693120 Unauthorized: /users/api/v1/me/
WARNING 2026-06-11 21:06:01,774 basehttp 236 137909605693120 "GET /users/api/v1/me/ HTTP/1.1" 401 58
WARNING 2026-06-11 21:06:01,814 log 236 137909605693120 Bad Request: /users/api/v1/token/refresh/
WARNING 2026-06-11 21:06:01,821 basehttp 236 137909605693120 "POST /users/api/v1/token/refresh/ HTTP/1.1" 400 39
WARNING 2026-06-11 21:06:42,249 log 236 137909605693120 Unauthorized: /users/api/v1/me/
WARNING 2026-06-11 21:06:42,260 basehttp 236 137909605693120 "GET /users/api/v1/me/ HTTP/1.1" 401 58
WARNING 2026-06-11 21:06:42,310 log 236 137909605693120 Bad Request: /users/api/v1/token/refresh/
WARNING 2026-06-11 21:06:42,319 basehttp 236 137909605693120 "POST /users/api/v1/token/refresh/ HTTP/1.1" 400 39
WARNING 2026-06-11 21:31:16,968 log 11 128610926490432 Not Found: /api/auth/login/
WARNING 2026-06-11 21:31:40,631 log 12 128610926490432 Bad Request: /users/api/v1/login/cookie/
WARNING 2026-06-11 21:31:51,606 log 12 128610926490432 Bad Request: /users/api/v1/login/cookie/
WARNING 2026-06-11 21:32:15,919 log 11 128610926490432 Bad Request: /users/api/v1/login/cookie/
WARNING 2026-06-11 21:34:09,635 log 12 128610926490432 Bad Request: /api/documents/4/review/
WARNING 2026-06-11 21:35:26,213 log 14 128610926490432 Unauthorized: /users/api/v1/me/
WARNING 2026-06-11 21:35:26,264 log 12 128610926490432 Bad Request: /users/api/v1/token/refresh/
WARNING 2026-06-11 21:39:03,257 log 14 128610926490432 Unauthorized: /users/api/v1/me/
WARNING 2026-06-11 21:39:03,298 log 12 128610926490432 Bad Request: /users/api/v1/token/refresh/
WARNING 2026-06-11 21:39:32,128 log 14 128610926490432 Unauthorized: /users/api/v1/me/
WARNING 2026-06-11 21:39:32,170 log 14 128610926490432 Bad Request: /users/api/v1/token/refresh/
